business_name,address,city,postal_code,lat_gdb,lon_gdb,matched_addr_gdb,lat_census,lon_census,matched_addr_census,match,result,dist_m
3 UP BURGERS,532 SAN BENITO ST UNIT 7,LOS ANGELES,90033,34.050454932924275,-118.21339394719656,532 N San Benito St 1-23 Los Angeles 90033,34.05087593817,-118.213378363668,"532 SAN BENITO ST, LOS ANGELES, CA, 90033",Match,both,46.83565776048617
ABSOLUTE SWEETNESS CAFE,L716 CARMELITA PL,MONTEBELLO,90640,,,,34.001280854543,-118.116748872372,"716 CARMELITA PL, MONTEBELLO, CA, 90640",Match,census_only,
ADA DELICIOSA COMIDA GUAT,18646 BRYANT ST,NORTHRIDGE,91324,34.227167500006594,-118.53988403909524,18646 W Bryant St Northridge 91324,34.227270845963,-118.539300930429,"18646 BRYANT ST, NORTHRIDGE, CA, 91324",Match,both,54.8273416923716
ALEJANDRA'S COCINA,12512 PELLISSIER RD,WHITTIER,90601,34.03344288853009,-118.03014567591188,12512 Pellissier Rd Whittier 90601,34.033594903201,-118.030571869099,"12512 PELLISSIER RD, WHITTIER, CA, 90601",Match,both,42.75616529553867
ALENA'S LAB KITCHEN,1647 W PACIFIC COAST HWY 87,WILMINGTON,90744,33.79630780897336,-118.27132391795467,1647 N Bay View Ave Wilmington 90744,33.791217775758,-118.243373249899,"1647 PACIFIC COAST HWY, WILMINGTON, CA, 90744",Match,both,2644.1505041929254
ALLEN'S BALIWAG SPECIAL CHI,4924 LINCOLN AVE,LOS ANGELES,90042,34.12072593048209,-118.20838661389298,4924 E Lincoln Ave Los Angeles 90042,34.120838283848,-118.208715002373,"4924 LINCOLN AVE, LOS ANGELES, CA, 90042",Match,both,32.709158978829805
ALMUERZO CASERO,10983 NOBLE AVE,MISSION HILLS,91345,34.26935876335422,-118.45624835024203,10983 N Mascarell Ave San Fernando 91345,34.268897959525,-118.459717177728,"10983 NOBLE AVE, MISSION HILLS, CA, 91345",Match,both,322.84840417047593
AMBER KITCHEN,201 N GRANADA AVE,ALHAMBRA,91801,34.101691512045534,-118.1194999501035,201 N Granada Ave Unit 3 Alhambra 91801,34.101484190247,-118.119272822168,"201 N GRANADA AVE, ALHAMBRA, CA, 91801",Match,both,31.125334003777457
ANDRES S FERNANDEZ LLC,30544 CANNES PL,CASTAIC,91384,34.47421096410645,-118.64519575928874,30544 Cannes Pl Castaic 91384,34.474016436533,-118.645059320526,"30544 CANNES PL, CASTAIC, CA, 91384",Match,both,24.98602235656964
ANGEL CITY DUMPLING CO.,5933 KENTLAND AVE,WOODLAND HILLS,91367,34.17841502047135,-118.61798815492088,5933 N Kentland Ave Woodland Hills 91367,34.17832067053,-118.617910496729,"5933 KENTLAND AVE, WOODLAND HILLS, CA, 91367",Match,both,12.692533074593896
ANGRY BULL BBQ,4430 MARY ELLEN AVE,SHERMAN OAKS,91423,34.151376474465,-118.41909722182444,4430 N Mary Ellen Ave Sherman Oaks 91423,34.150936135326,-118.419160041435,"4430 MARY ELLEN AVE, SHERMAN OAKS, CA, 91423",Match,both,49.30353474748714
ANITA BAKERY,66 E MONTECITO AVE,SIERRA MADRE,91024,34.16272554467252,-118.05118870351286,66 Montecito Ave   Sierra Madre 91024,34.163057731882,-118.051212013724,"66 E MONTECITO AVE, SIERRA MADRE, CA, 91024",Match,both,36.99974473838228
ANTOJITOS M.X. Y MAS,42942 19TH ST W,LANCASTER,93534,34.66331301864934,-118.16404050790432,42942 19th St W Lancaster 93534,34.663270490989,-118.164231012288,"42942 19TH ST W, LANCASTER, CA, 93534",Match,both,18.0536276196603
ARUSUVAI INDIAN CUISINE,363 WHITING ST,EL SEGUNDO,90245,33.92068510536675,-118.4209543062516,363 Whiting St El Segundo 90245,33.920092235386,-118.420694461482,"363 WHITING ST, EL SEGUNDO, CA, 90245",Match,both,70.14875320983644
ASADOS TO GO,13665 POLK ST,POLK,91342,34.32423569651796,-118.4312823123141,13665 W Polk St Sylmar 91342,34.324140842632,-118.43121764934,"13665 POLK ST, SYLMAR, CA, 91342",Match,both,12.10396269275291
BAILEYS N' MORE,6637 SPRINGPARK AVE APT 7,LOS ANGELES,90056,33.97939831738426,-118.37512635473422,6637 S Springpark Ave Los Angeles 90056,33.979991291656,-118.375530621112,"6637 S SPRINGPARK AVE, LOS ANGELES, CA, 90056",Match,both,75.74317756504276
BAKE N' BLOOM,2919 GLADSTONE ST,POMONA,91767,34.09985609594255,-117.74995364955494,2919 Gladstone St Pomona 91767,34.099726087341,-117.749772247381,"2919 GLADSTONE ST, POMONA, CA, 91767",Match,both,22.09003468577968
BAOBAO BREAD,249 S PINE ST APT A,SAN GABRIEL,91776,34.09980789531499,-118.09241718120248,249 S Pine St Unit D San Gabriel 91776,34.10032604438,-118.092284828737,"249 S PINE ST, SAN GABRIEL, CA, 91776",Match,both,58.890252446316424
BARRIO BITES LLC,11000 FELLOWS AVE,PACOIMA,91331,34.26989722365033,-118.40508841006744,11000 N Fellows Ave Pacoima 91331,34.269447913502,-118.404689008876,"11000 FELLOWS AVE, PACOIMA, CA, 91331",Match,both,61.992709956490344
BAYLEI'S COMFORT KITCHEN,1000 S GRAND AVE 644,LOS ANGELES,90015,34.04258405717254,-118.26079197907993,1000 S Grand Ave Los Angeles 90015,34.042909735297,-118.260610262174,"1000 S GRAND AVE, LOS ANGELES, CA, 90015",Match,both,39.89695926571771
BENDER'S EAT WELL,524 W 2ND ST,SAN PEDRO,90731,33.74249580558324,-118.28842852870812,524 W 2Nd St San Pedro 90731,33.742440822561,-118.288461454294,"524 W 2ND ST, SAN PEDRO, CA, 90731",Match,both,6.829888873016358
BIG MARKET LAMB SOUP,18703 BARROSO ST,ROWLAND HEIGHTS,91748,33.97584755950569,-117.89705827386956,18703 1/2 Barroso St Rowland Heights 91748,33.975739998652,-117.897042878358,"18703 BARROSO ST, ROWLAND HEIGHTS, CA, 91748",Match,both,12.044179442997137
BIRRIERIA LOS YAQUIS,BIRRIER BAYLA ST,NORWALK,90650,,,,,,,No_Match,neither,
BNB BBQ SERVICES (BRISKET &,2 328 MO NTR OSE AVE,MONTROSE,91020,,,,,,,No_Match,neither,
BODEGACAT LA,510 S SPRING ST APT 1013,LOS ANGELES,90013,34.04700292831736,-118.24978343103488,510 S Spring St Los Angeles 90013,34.047173994348,-118.24973968596,"510 S SPRING ST, LOS ANGELES, CA, 90013",Match,both,19.443975330561205
BOND APPETITO,1417 N VISTA ST # 313,LOS ANGELES,90046,34.09651848348491,-118.35185301363208,1417 N Vista St Los Angeles 90046,34.096504034827,-118.351806208148,"1417 N VISTA ST, LOS ANGELES, CA, 90046",Match,both,4.5995629195647165
BOUGIE BOARDS LA,5152 8TH AVE,LOS ANGELES,90043,33.99530463718793,-118.32564840767738,5152 S 8Th Ave Los Angeles 90043,33.99567450508,-118.325709908713,"5152 8TH AVE, LOS ANGELES, CA, 90043",Match,both,41.51640559756012
BUBBAS BITES,20728 LYCOMING ST,WALNUT,91789,34.00264262260663,-117.85201067715204,20728 Lycoming St Walnut 91789,34.0028558317,-117.852026646686,"20728 LYCOMING ST, WALNUT, CA, 91789",Match,both,23.75342951146808
CAFE TUMBADO,12164 SHY ST,NORWALK,90650,33.927946948788914,-118.0732580108388,12164 Shy St Norwalk 90650,33.92809575518,-118.073657767356,"12164 SHY ST, NORWALK, CA, 90650",Match,both,40.42422358925225
CAJUN FLARE,7841 RESEDA BLVD UNIT 227,RESEDA,91335,34.2132096791409,-118.5264348238686,7841 N Hesperia Ave Reseda 91335,34.212762504847,-118.536135223608,"7841 RESEDA BLVD, RESEDA, CA, 91335",Match,both,893.3656590683339
CARNITAS EL BIGOTON BECERR,15558 HARVEST AVE,NORWALK,90650,33.88902378188055,-118.09174285130096,15558 Harvest Ave Norwalk 90650,33.889335245431,-118.091838914929,"15558 HARVEST AVE, NORWALK, CA, 90650",Match,both,35.75027844571063
CAROL C EVENTS,819 W 126TH ST,LOS ANGELES,90044,33.91837500775977,-118.28953282897868,819 W 126Th St Los Angeles 90044,33.918167894045,-118.290002977076,"819 W 126TH ST, LOS ANGELES, CA, 90044",Match,both,49.11610368303647
CAT'S OUT THE BAG,25836 OAK ST 1/4,LOMITA,90717,,,,33.788401311556,-118.317173673014,"25836 OAK ST, LOMITA, CA, 90717",Match,census_only,
CHARCUTERIE ART CART LLC,1737 CUMBRE DR,SAN PEDRO,90732,33.72922486100237,-118.3158673011622,1737 W Cumbre Dr San Pedro 90732,33.729273888086,-118.315106381164,"1737 CUMBRE DR, SAN PEDRO, CA, 90732",Match,both,70.57888857618407
CHEESECAKE DE GRANGER,821 EDGEWOOD ST,INGLEWOOD,90302,33.97430585424055,-118.35528165472924,821 N Edgewood St Inglewood 90302,33.973921802904,-118.354922955093,"821 EDGEWOOD ST, INGLEWOOD, CA, 90302",Match,both,54.01618934060145
CHEF C-NOTES CREATIONS,6430 YOLANDA AVE,RESEDA,91335,34.1876448484024,-118.5402564870438,6430 N Yolanda Ave Reseda 91335,34.187587129907,-118.540322487739,"6430 YOLANDA AVE, RESEDA, CA, 91335",Match,both,8.834321878557569
CHEF GLENDA GOODNESS,2253 DELICIOUS LN,PALMDALE,93551,34.56611912715115,-118.16871235118856,2253 Delicious Ln Palmdale 93551,34.565956013777,-118.168828216341,"2253 DELICIOUS LN, PALMDALE, CA, 93551",Match,both,21.012424133239165
CHEF TOBIN'S PLANT BASED KI,17608 KINGSBUR ST,GRANADA HILLS,91344,34.30222886089578,-118.51794798534428,17608 W Tuscan Dr Granada Hills 91344,34.263604814893,-118.517804632949,"17608 KINGSBURY ST, GRANADA HILLS, CA, 91344",Match,both,4294.818157100238
CHEZ FATOUMATA,2221 S WESTERN AVE UNIT 210,LOS ANGELES,90018,34.02569736568677,-118.31950645784698,2221 W Jefferson Blvd Los Angeles 90018,34.03579731847,-118.30904548513,"2221 S WESTERN AVE, LOS ANGELES, CA, 90018",Match,both,1480.052193948273
CHI TOWN PIZZA,126 E LINFIELD ST,GLENDORA,91740,34.124131323015675,-117.8628786950038,126 E Linfield St Glendora 91740,34.124292818734,-117.863231244626,"126 E LINFIELD ST, GLENDORA, CA, 91740",Match,both,37.08923298685493
CHICAGO MEATS LA,11853 BURBANK BLVD,VALLEY VILLAGE,91607,34.17230955874034,-118.3917086716219,11853 W Burbank Blvd 1-4 Valley Village 91607,34.172206434898,-118.391333362493,"11853 BURBANK BLVD, VALLEY VILLAGE, CA, 91607",Match,both,36.3817917894624
CHUCHU DESSERT LAB,700 W 9TH ST,LOS ANGELES,90015,34.04579057580445,-118.261802569686,700 W 9Th St Los Angeles 90015,34.045806429393,-118.261538395481,"700 W 9TH ST, LOS ANGELES, CA, 90015",Match,both,24.403455656460075
CINEMA CHOW,20304 HIGHPOINT PL,SANTA CLARITA,91351,34.43544130354625,-118.490132957837,20304 Highpoint Pl Canyon Country 91351,34.43505610174,-118.491455499946,"20304 HIGHPOINT PL, SANTA CLARITA, CA, 91351",Match,both,128.63084286408855
CLUB 051,22252 HAMLIN ST,WOODLAND HILLS,91303,34.18899254381402,-118.61193130613246,22252 W Hamlin St Canoga Park 91303,34.189065854265,-118.611736489856,"22252 HAMLIN ST, WOODLAND HILLS, CA, 91303",Match,both,19.686104810667437
COACH'S,11442 RUBIO AVE,GRANADA HILLS,91344,34.278402030375766,-118.4757119524928,11442 N Haskell Ave Granada Hills 91344,34.278056957587,-118.496686426169,"11442 RUBIO AVE, GRANADA HILLS, CA, 91344",Match,both,1927.5531144582344
COFFEE AND TOAST,3614 NORTHLAND DR,VIEW PARK,90008,34.00460782832026,-118.33754237199668,3614 Northland Dr Los Angeles 90008,34.004653216117,-118.337416277077,"3614 NORTHLAND DR, VIEW PARK, CA, 90008",Match,both,12.671799445950365
CORAZON COFFEE AND PASTRI,10247 SAN GABRIEL,SOUTH GATE,90280,33.94053127050829,-118.20498903749638,10247 San Gabriel Ave South Gate 90280,33.94076385509,-118.204699875374,"10247 SAN GABRIEL AVE, SOUTH GATE, CA, 90280",Match,both,37.15384168016525
CRAZY TASTY,2518 W 5TH ST APT 209,LOS ANGELES,90057,34.06323743935006,-118.2777267703904,2518 W 5Th St 1-25 Los Angeles 90057,34.063302093736,-118.277517137969,"2518 W 5TH ST, LOS ANGELES, CA, 90057",Match,both,20.605363721676962
CREOLE DELIGHT HAITIAN,1215 S BRONSON AVE APT. 1,LOS ANGELES,90019,34.04937259029445,-118.32467335644968,1215 S Bronson Ave Los Angeles 90019,34.049712650144,-118.324353709835,"1215 S BRONSON AVE, LOS ANGELES, CA, 90019",Match,both,47.92788427512206
CUBAMEXICO,8459 OTIS ST APT 201,SOUTH GATE,90280,33.9574049826519,-118.19638524364584,8459 Otis St South Gate 90280,33.957694832935,-118.195870089621,"8459 OTIS ST, SOUTH GATE, CA, 90280",Match,both,57.4130436545708
CUDAHY HOME FLAVOR,5230 CUDAHY ST 1/2,CUDAHY,90201,33.95665766724314,-118.17445006937434,5230 Fostoria St Bell Gardens 90201,,,,No_Match,gdb_only,
DA BARBARA,1331 N CAHUENGA BLVD APT. L,WLOS ANGELES,90028,34.095559990440265,-118.32924330426984,1331 N Cahuenga Blvd Los Angeles 90028,34.095262398994,-118.328926642252,"1331 N CAHUENGA BLVD, LOS ANGELES, CA, 90028",Match,both,44.1045906898456
DARIA PODDUBNIAK,12021 KLING ST 404,VALLEY VILLAGE,91607,34.15592688261038,-118.395038136861,12021 W Kling St Valley Village 91607,34.155862436884,-118.394771338431,"12021 KLING ST, VALLEY VILLAGE, CA, 91607",Match,both,25.574034101920404
DEDDY'S VIBE,13336 STANFORD AVE,LOS ANGELES,90059,33.91044365594861,-118.26235685319502,13336 Stanford Ave Los Angeles 90059,33.910872355598,-118.262478912179,"13336 STANFORD AVE, LOS ANGELES, CA, 90059",Match,both,48.98191823174049
DELICIA PURA,1136 1/2 W 89TH ST,LOS ANGELES,90044,33.95670375480138,-118.29515965901936,1136 W 89th St Los Angeles 90044,33.956836269402,-118.294576141987,"1136 1/2 W 89TH ST, LOS ANGELES, CA, 90044",Match,both,55.799427297233734
DELICIAS SARITA FOOD,8020 BIRCHCRES RD B103,DOWNEY,90240,33.95601354876268,-118.12711474551534,8020 Lubec St Downey 90240,33.967216053751,-118.117678537943,"8020 BIRCHCREST RD, DOWNEY, CA, 90240",Match,both,1519.5521360843234
DEVON EATS,1614 1/2 SCHRADER BLVD,LOS ANGELES,90028,34.10026688024641,-118.3322604593567,1614 1/2 N Schrader Blvd Los Angeles 90028,34.100064419059,-118.332397833815,"1614 1/2 SCHRADER BLVD, LOS ANGELES, CA, 90028",Match,both,25.822740044113075
DOLCE TESORI,10205 PINEWOOD AVE 13,TUJUNGA,91042,34.25452251395195,-118.2860233827739,10205 N Pinewood Ave Tujunga 91042,34.254412880338,-118.285995108135,"10205 PINEWOOD AVE, TUJUNGA, CA, 91042",Match,both,12.46459892167833
DON'T YOU DAIRY,4450 W 130TH ST,HAWTHORNE,90250,33.9143455117431,-118.3540034436666,4450 W 130th St Hawthorne 90250,33.914487657439,-118.354368656023,"4450 W 130TH ST, HAWTHORNE, CA, 90250",Match,both,37.22333334128963
DULCE SORPRESA Y MAS,3064 MARBELLA,PALMDALE,93550,34.57045991825377,-118.07392348146944,3064 Marbella Ln Palmdale 93550,34.570647705179,-118.073613142473,"3064 MARBELLA LN, PALMDALE, CA, 93550",Match,both,35.26221772111937
EAST BRITISH CURRY COMPAN,6045 WHITSETT AVE,NORTH HOLLYWOOD,91606,34.181116739947925,-118.40542232086489,6045 N Whitsett Ave 1-36 North Hollywood 91606,34.180248970061,-118.405317032934,"6045 WHITSETT AVE, NORTH HOLLYWOOD, CA, 91606",Match,both,96.97646450897699
EDIBLE KIDS ART,2819 1/4 W 42ND ST,LOS ANGELES,90008,34.007590825780426,-118.32456516793984,2819 1/2 W 42Nd St Los Angeles 90008,34.007381917691,-118.324642027505,"2819 1/4 W 42ND ST, LOS ANGELES, CA, 90008",Match,both,24.28585903817937
EL PATIO CAFE,631 W 58TH ST,LOS ANGELES,90037,33.98980412003675,-118.28521259526396,631 W 58Th St Los Angeles 90037,33.989768199388,-118.284606249109,"631 W 58TH ST, LOS ANGELES, CA, 90037",Match,both,56.04511144775787
ERKITCHEN.COM,5163 WINDERMERE AVE,LOS ANGELES,90041,34.14157159371607,-118.21725273677056,5163 N Windermere Ave Los Angeles 90041,34.140944120117,-118.217253796914,"5163 WINDERMERE AVE, LOS ANGELES, CA, 90041",Match,both,69.77194903685745
FAT DOG SOCIAL,4629 MONARCA AVE,TARZANA,91356,34.1545115519881,-118.56079342166409,4629 N Monarca Dr Tarzana 91356,34.154319467507,-118.560572548649,"4629 MONARCA DR, TARZANA, CA, 91356",Match,both,29.48331460791346
FAVOR&FLAVOR AFRIQ LLC,6211 10TH AVE UNIT 1,LOS ANGELES,90043,33.98349743814756,-118.32805400035762,6211 S 10Th Ave 1-12 Los Angeles 90043,33.98369683052,-118.327978916218,"6211 10TH AVE, LOS ANGELES, CA, 90043",Match,both,23.227120348614747
FAWZAI BAKES,4334 W 130TH ST D,HAWTHORNE,90250,33.91388109556386,-118.35035818783868,4334 W 130th St Hawthorne 90250,33.914155653882,-118.350358422643,"4334 W 130TH ST, HAWTHORNE, CA, 90250",Match,both,30.529499733964183
"FENG MING DELICIOUS, INC",20228 MCGILL DR,WALNUT,9178-9,,,,34.020563593112,-117.860566535772,"20228 MCGILL DR, WALNUT, CA, 91789",Match,census_only,
FLOCAL KITCHEN,711 39TH 2,SAN PEDRO,90731,33.7086300958369,-118.2918751057244,711 W 39Th St San Pedro 90731,33.708690889097,-118.291973274447,"711 W 39TH ST, SAN PEDRO, CA, 90731",Match,both,11.320479358817852
FRANCESCA MALLUS CHEF,4105 W 184TH ST,TORRANCE,90504,33.864311274944825,-118.34619836955352,4105 184th Pl Torrance 90504,33.864156903367,-118.345882482436,"4105 184TH ST, TORRANCE, CA, 90504",Match,both,33.84272633832389
FREE TO CHAT FIZZY,4109 SAN RAFAEL AVE,LOS ANGELES,90065,34.107605271499864,-118.21467237049352,4109 E San Rafael Ave Los Angeles 90065,34.107003346693,-118.21365699241,"4109 SAN RAFAEL AVE, LOS ANGELES, CA, 90065",Match,both,114.97396860147585
FRENICAN BAKES,14500 VAN NUYS BLVD # 41,LOS ANGELES,91402,34.24662989196457,-118.44846692782512,14500 W Van Nuys Blvd Panorama City 91402,,,,No_Match,gdb_only,
FRESH FRUIT BY RUTH,5951 CARMELITA AVE APT 25,HUNTINGTON PARK,90255,33.98733949036872,-118.19729545889844,5951 Carmelita Ave Huntington Park 90255,33.987152772442,-118.196788755714,"5951 CARMELITA AVE, HUNTINGTON PARK, CA, 90255",Match,both,51.12311720152526
FRIED TACO CO,4812 GARRICK AVE,PICO RIVERA,90660,34.00657367250783,-118.08891687651324,4812 Garrick Ave Pico Rivera 90660,34.006638814244,-118.089176546861,"4812 GARRICK AVE, PICO RIVERA, CA, 90660",Match,both,25.00778537519288
FRIZZLES,4418 7TH AVE,LOS ANGELES,90043,34.003087557395155,-118.3245081509574,4418 S 7Th Ave Los Angeles 90043,34.003252176221,-118.324584398485,"4418 7TH AVE, LOS ANGELES, CA, 90043",Match,both,19.607807277170618
FULL TILT BBQ,24246 HIGHLANDER RD,WEST HILLS,91307,34.19674825081393,-118.65334504158898,24246 W Highlander Rd West Hills 91307,34.196845355322,-118.653274622378,"24246 HIGHLANDER RD, WEST HILLS, CA, 91307",Match,both,12.590936907531075
FUNDACION SONRIAS LATINAS,13736 COMMUNITY ST,PANORAMA CITY,91402,34.22261652431859,-118.43231844163364,13736 W Community St Panorama City 91402,34.22265077227,-118.432243597162,"13736 COMMUNITY ST, PANORAMA CITY, CA, 91402",Match,both,7.864848359883349
GAMMA TAMALES,15733 CALLE EL CAPITAN,GREEN VALLEY,91390,34.61852278681675,-118.40750534014872,15733 Calle El Capitan Santa Clarita 91390,34.618304954547,-118.406839918404,"15733 CLL EL CAPITAN, GREEN VALLEY, CA, 91390",Match,both,65.53232362655173
GANCIA'S CRAFT KITCHEN,3114 LOWELL AVE,LOS ANGELES,90032,34.08156803153871,-118.162237539301,3114 N Lowell Ave Los Angeles 90032,34.081310930909,-118.16229726238,"3114 LOWELL AVE, LOS ANGELES, CA, 90032",Match,both,29.112593432377988
GARDEN OF EDENDALE,2333 AVON ST,LOS ANGELES,90026,34.092355110193246,-118.2453205243225,2333 N Avon St Los Angeles 90026,34.091937117055,-118.245336651601,"2333 AVON ST, LOS ANGELES, CA, 90026",Match,both,46.502435639550995
GERAS_KOCINA,10821 COLYER AVE,LYNWOOD,90262,33.933696902112835,-118.19117171497518,10821 Colyer Ave Lynwood 90262,33.933730175453,-118.190938474287,"10821 COLYER AVE, LYNWOOD, CA, 90262",Match,both,21.833762934488455
GERTIE'S SWEET DELIGHTS,1218 LYMAN AVE,GLENDORA,91740,34.11690602285397,-117.84990872830096,1218 Lyman Ave Glendora 91740,34.11658187447,-117.850182765735,"1218 LYMAN AVE, GLENDORA, CA, 91740",Match,both,43.995023978998205
GEZHONG GEYANG DE TIANDIA,3920 REDONDO BEACH BLVD 30,TORRANCE,90504,33.8775442670711,-118.34194987013704,3920 Redondo Beach Blvd Torrance 90504,33.877881030402,-118.341819504707,"3920 REDONDO BEACH BLVD, TORRANCE, CA, 90504",Match,both,39.33283212108092
GM COFFEE CO,4743 MCNAB AVE,LAKEWOOD,90713,33.84447320706201,-118.11246518313872,4743 McNab Ave Lakewood 90713,33.843996506092,-118.112278349591,"4743 MCNAB AVE, LAKEWOOD, CA, 90713",Match,both,55.744407479456065
GOLDEN GASTRONOME,16923 LABRADOR ST,NORTHRIDGE,91343,34.24945020161605,-118.5011640084659,16923 W Labrador St North Hills 91343,34.249408432736,-118.50070713358,"16923 LABRADOR ST, NORTHRIDGE, CA, 91343",Match,both,42.24890111890746
GORDITAS LAGUNERAS,7655 MARSH AVE,ROSEMEAD,91770,34.05080917390047,-118.10095064998836,7655 Marsh Ave Rosemead 91770,34.050952366208,-118.101497628412,"7655 MARSH AVE, ROSEMEAD, CA, 91770",Match,both,52.84844841960812
GPC,19726 LASSEN ST,CHATSWORTH,91311,34.24984926341661,-118.56331392172518,19726 W Lassen St Chatsworth 91311,34.249941844857,-118.562941218414,"19726 LASSEN ST, CHATSWORTH, CA, 91311",Match,both,35.769589690925
GRANADA,1451 CARROLL AVE,LOS ANGELES,90026,34.070438370457715,-118.25647090125926,1451 W Carroll Ave Los Angeles 90026,34.070161226677,-118.255959782661,"1451 CARROLL AVE, LOS ANGELES, CA, 90026",Match,both,56.26770645831944
GUILLE'S KITCHEN,11357 E AVE T,LITTLEROCK,93543,34.54378682666363,-117.92535862287686,11357 Ave T Littlerock 93543,34.542872990483,-117.924445293843,"11357 E AVE T, LITTLEROCK, CA, 93543",Match,both,131.6175177753372
GUOJIE JIA WEI XUAN,1838 S CHAPEL AVE,ALHAMBRA,91801,,,,34.07367066183,-118.119616496583,"1838 S CHAPEL AVE, ALHAMBRA, CA, 91801",Match,census_only,
HAMPY BREAD,1414 W 81ST ST,LOS ANGELES,90047,33.96537729004102,-118.30101076800273,1414 W 81St St Los Angeles 90047,33.965432375493,-118.300610101881,"1414 W 81ST ST, LOS ANGELES, CA, 90047",Match,both,37.45459636649731
HAPPY COUPLE KITCHEN,3419 TAMARISK DR,PALMDALE,93551,34.61793440802559,-118.19098511155794,3419 Tamarisk Dr Palmdale 93551,34.617752435463,-118.191164981321,"3419 TAMARISK DR, PALMDALE, CA, 93551",Match,both,26.083583060372327
HAPPY RETURN DUMPLINGS AN,70 2 MUSTANG CIR,WALNUT,91789,,,,,,,No_Match,neither,
HEFAN HOME KITCHEN,629 E 219TH ST 6,CARSON,90745,33.829094903546505,-118.2650113671363,629 E 219th St Number 8 Carson 90745,33.828811465639,-118.264927553423,"629 E 219TH ST, CARSON, CA, 90745",Match,both,32.45379596095459
HEVN & RTH PURPOSE KCHN,3212 LA CIENEGA AVE # 1,LOS ANGELES,90034,34.02422389709281,-118.42404526984951,3212 S Bentley Ave Los Angeles 90034,34.031958363085,-118.378586787098,"3212 LA CIENEGA AVE, LOS ANGELES, CA, 90034",Match,both,4276.5639949165725
HIBISCUS & WATERMELON,550 N FIGUEROA ST # 4015,LOS ANGELES,90012,34.06174940356583,-118.24657808418502,550 N Figueroa St Los Angeles 90012,34.06216223781,-118.246508067118,"550 N FIGUEROA ST, LOS ANGELES, CA, 90012",Match,both,46.35596660242542
HOLLYWOOD NOSH,3295 CARSE DR,LOS ANGELES,90068,34.12675256698419,-118.34904629779312,3295 N Bennett Dr Los Angeles 90068,34.12641806809,-118.350205283621,"3295 CARSE DR, LOS ANGELES, CA, 90068",Match,both,112.97942779091426
HOME KITCHEN,1909 E CALICO DR,WEST COVINA,91797,,,,34.045371317313,-117.90512965089,"1909 E CALICO DR, WEST COVINA, CA, 91791",Match,census_only,
HOME TABLE,1803 CARVIN AVE,ROWLAND HEIGHTS,91748,33.98511742854413,-117.88344604070862,1803 Carvin Ave Rowland Heights 91748,33.985219940145,-117.88329785606,"1803 CARVIN AVE, ROWLAND HEIGHTS, CA, 91748",Match,both,17.793334917634454
HOMECOOKED BY KP,9506 METRO ST,DOWNEY,90240,33.95061914351917,-118.10087682944868,9506 Metro St Downey 90240,33.950757590882,-118.10074299309,"9506 METRO ST, DOWNEY, CA, 90240",Match,both,19.732966036431442
HOMESTYLE BITES,647 W 10TH ST,AZUSA,91702,34.14433392644109,-117.91351135166056,647 W Point O Woods Dr Azusa 91702,34.139122411386,-117.914464958065,"647 W 10TH ST, AZUSA, CA, 91702",Match,both,586.1018146965945
HUI'S EXQUISITELY HAND MAD,4316 ARDEN DR,EL MONTE,91731,34.084732856453044,-118.04369888217994,4316 Arden Dr El Monte 91731,34.084326089671,-118.044326087791,"4316 ARDEN DR, EL MONTE, CA, 91731",Match,both,73.36311301858645
IBING BING,2451 HILLMAN,ROWLAND HEIGHTS,91748,33.97196600412012,-117.88355265006584,2451 Hillman Ln Rowland Heights 91748,33.972359465143,-117.883377579138,"2451 HILLMAN LN, ROWLAND HEIGHTS, CA, 91748",Match,both,46.63445624246954
J TAN HOME KITCHEN,214 N MOORE AVE,MONTEREY PARK,91754,34.06426747343651,-118.13045656698672,214 N Moore Ave Monterey Park 91754,34.063901948514,-118.130535474211,"214 N MOORE AVE, MONTEREY PARK, CA, 91754",Match,both,41.2893280207668
JACKRABBIT'S LAIR,4963 SIERRA VILLA DR,LOS ANGELES,90041,34.13911317182891,-118.22293264751411,4963 N Sierra Villa Dr Los Angeles 90041,34.138983119508,-118.222907132028,"4963 SIERRA VILLA DR, LOS ANGELES, CA, 90041",Match,both,14.650581133672544
JAJAH OMAH,209 S REEVES DR 7,BEVERLY HILLS,90212,34.064598272209814,-118.39841257937609,209 S Reeves Dr Beverly Hills 90212,34.064712090982,-118.398040490578,"209 REEVES DR, BEVERLY HILLS, CA, 90212",Match,both,36.53679541731478
JANET'S HOME COOKING,433 S DOHENY DR APT B,BEVERLY HILLS,90211,34.05810355307597,-118.3900538521136,433 S Doheny Dr Unit B Beverly Hills 90211,34.058077806335,-118.389879172169,"433 S DOHENY DR, BEVERLY HILLS, CA, 90211",Match,both,16.344497509836856
JANZEN'S HILLSIDE TABLE,30980 HASLEY CANYON RD,CASTAIC,91384,34.47532869843033,-118.67709539883118,30980 Hasley Canyon Rd Castaic 91384,34.47406113378,-118.672877833004,"30980 HASLEY CANYON RD, CASTAIC, CA, 91384",Match,both,411.5006157455684
JDAWGZ EATZ LLC,14410 ARANZA DR,LA MIRADA,90638,33.901364996057715,-117.99957824035764,14410 Aranza Dr La Mirada 90638,33.901614371211,-117.999763155015,"14410 ARANZA DR, LA MIRADA, CA, 90638",Match,both,32.56012559816136
JENNIFER SILBERT,1148 S VICTORIA AVE,LOS ANGELES,90019,34.05161902649025,-118.32589197308384,1148 S Victoria Ave Los Angeles 90019,34.05186856435,-118.325843180675,"1148 S VICTORIA AVE, LOS ANGELES, CA, 90019",Match,both,28.109103527002116
JERO'S ANTOJITOS MEXICANOS,521 W 118TH ST,LOS ANGELES,90044,33.926272135051704,-118.28345315826044,521 W 118Th St Los Angeles 90044,33.926207377319,-118.283615416712,"521 W 118TH ST, LOS ANGELES, CA, 90044",Match,both,16.612447673438744
JP BBQ INC,783 GATUN ST UNIT 516,SAN PEDRO,90731,33.75748009678833,-118.2943418781635,783 W Gatun St 1-133 San Pedro 90731,33.757686883853,-118.295700561587,"783 GATUN ST, SAN PEDRO, CA, 90731",Match,both,127.69352633657094
JUS BRISKET,18924 CITRONA ST,NORTHRIDGE,91324,34.220398316230195,-118.5457285257085,18924 W Roscoe Blvd Northridge 91324,34.245477844343,-118.545556191361,"18924 CITRONIA ST, NORTHRIDGE, CA, 91324",Match,both,2788.761290789067
KAFOU ALKALINE FOODS,2647 HALLDALE AVE # 112,LOS ANGELES,90018,34.031307160409135,-118.31039925346212,2647 S Manhattan Pl Los Angeles 90018,34.031855613054,-118.302856700038,"2647 HALLDALE AVE, LOS ANGELES, CA, 90018",Match,both,697.7203079990419
KARAK CORNER,9745 PASO ROBLES,NORTHRIDGE,91325,34.248109280334084,-118.50408712196608,9745 N Paso Robles Ave Northridge 91325,34.247775795875,-118.503964909824,"9745 PASO ROBLES AVE, NORTHRIDGE, CA, 91325",Match,both,38.745853156215304
KDC HOSPITALITY GROUP LLC,4239 VIA ARBOLADA,LOS ANGELES,90042,34.096038900912404,-118.18811399745468,4239 N Via Arbolada Los Angeles 90042,34.095828359291,-118.188025572605,"4239 VIA ARBOLADA, LOS ANGELES, CA, 90042",Match,both,24.786648785574908
KERALA,15212 FAYSMITH AVE,GARDENA,90249,33.89337046890737,-118.33136221843212,15212 S Faysmith Ave Gardena 90249,33.893628622689,-118.331448960231,"15212 S FAYSMITH AVE, GARDENA, CA, 90249",Match,both,29.80100760962289
KEREN 504 FRUITS,3929 E 1ST ST UNIT 1203,LOS ANGELES,90063,34.036029792836345,-118.18122725118596,3929 E 1st St Los Angeles 90063,34.035886957394,-118.181548453845,"3929 E 1ST ST, LOS ANGELES, CA, 90063",Match,both,33.58966362315586
KINDRED TOFFEE X GSOUL MIN,6 10 S MAIN ST APT 236,LOS ANGELES,90014,,,,,,,No_Match,neither,
KRISHNAVENI BHOLANATH,333 S CATALINA ST APT 125,LOS ANGELES,90020,34.06805647122839,-118.29591949160312,333 1/2 S Catalina St Los Angeles 90020,34.068469527262,-118.295479447164,"333 S CATALINA ST, LOS ANGELES, CA, 90020",Match,both,61.25721104797899
KRYBABY CAKES & CARDS,228 W POMONA AVE UNIT 522,MONROVIA,91016,34.13366004713167,-118.00385579956112,228 W Pomona Ave Monrovia 91016,34.134181142399,-118.003422052609,"228 W POMONA AVE, MONROVIA, CA, 91016",Match,both,70.36442311924779
LA BELLE BAGUETTE,25402 VIA NOVIA,VALENCIA,91355,34.38701645808802,-118.55034030381528,25402 Via Novia Valencia 91355,34.386862633312,-118.5503071268,"25402 VIA NOVIA, VALENCIA, CA, 91355",Match,both,17.373357905034876
LA LA HAPPY KITCHEN,2636 MARYBETH AVE,SOUTH EL MONTE,91733,34.0600899868552,-118.06086320867242,2636 Marybeth Ave South El Monte 91733,34.059523824601,-118.062075887785,"2636 MARYBETH AVE, SOUTH EL MONTE, CA, 91733",Match,both,128.2293809810527
LA SHUNXING,21023 NORTHVIEW DR,NORTHVIEW,91789,34.02507582887871,-117.84482044253728,21023 Northview Dr Walnut 91789,34.024806802075,-117.845100528163,"21023 NORTHVIEW DR, WALNUT, CA, 91789",Match,both,39.5111880978539
LA SINALOENSE CABEZA DE RE,1014 4TH ST,POMONA,91766,34.04697933642233,-117.7611603734514,1014 Pomona 91766,,,,Tie,gdb_only,
LAKAY FLAVORS,4016 SANTO TOMAS DR APT B,LOS ANGELES,90008,34.00971486411076,-118.34453779375193,4016 W Santo Tomas Dr Los Angeles 90008,34.009378784302,-118.343974408441,"4016 SANTO TOMAS DR, LOS ANGELES, CA, 90008",Match,both,63.978427481165994
LAMB HOUSE GRILL,38939 DEER RUN RD,PALMDALE,93551,34.58960033645872,-118.15786783158278,38939 Deer Run Rd Palmdale 93551,34.589503860372,-118.157808419532,"38939 DEER RUN RD, PALMDALE, CA, 93551",Match,both,12.027498164738837
LAS CHANGAS,14154 RAVEN ST,SYLMAR,91342,34.30481837667086,-118.44122711695776,14154 W Raven St Sylmar 91342,34.304902379297,-118.441223684046,"14154 RAVEN ST, SYLMAR, CA, 91342",Match,both,9.34598665104035
LASAGNE DI CATANIA,2010 RIDGEVIEW AVE,LOS ANGELES,90041,34.1302419593076,-118.2121516051506,2010 W Ridgeview Ave Los Angeles 90041,34.130149524553,-118.212073528856,"2010 RIDGEVIEW AVE, LOS ANGELES, CA, 90041",Match,both,12.541420520627499
LAYERED ICE CREAM PIES,653 MORENO AVE,LOS ANGELES,90049,34.05300115062562,-118.47334028409568,653 S Saltair Ave Los Angeles 90049,34.04406683948,-118.48515164013,"653 MORENO AVE, LOS ANGELES, CA, 90049",Match,both,1473.47630467324
LEMME SMASH BURGER,731 S DETROIT AVE 206,LOS ANGELES,90036,34.06141933334337,-118.3459527263865,731 1/2 S Detroit St Los Angeles 90036,34.061364198934,-118.345540026243,"731 S DETROIT ST, LOS ANGELES, CA, 90036",Match,both,38.508295647963315
LEZA,20842 TIARA ST,WOODLAND HILLS,91367,34.176259005448166,-118.585880431853,20842 W Tiara St Woodland Hills 91367,34.17634333233,-118.585500487025,"20842 TIARA ST, WOODLAND HILLS, CA, 91367",Match,both,36.18817357533138
LIANGPI HOUSE,5616 CLOVERLY AVE,TEMPLE CITY,91780,34.10189885306696,-118.06242650504596,5616 Cloverly Ave Temple City 91780,34.1016118872,-118.062708206174,"5616 CLOVERLY AVE, TEMPLE CITY, CA, 91780",Match,both,41.12107444610987
LITTLE CITY FARM,1156 S VICTORIA AVE,LOS ANGELES,90019,34.051368238389315,-118.32602688523512,1156 S Victoria Ave Los Angeles 90019,34.051607446522,-118.325986546475,"1156 S VICTORIA AVE, LOS ANGELES, CA, 90019",Match,both,26.857100349428897
LITUCHO'S GRILL,1515 N MYERS ST,BURBANK,91506,34.18693927203464,-118.33494251550326,1515 N Myers St Burbank 91506,34.186644027346,-118.334649876468,"1515 N MYERS ST, BURBANK, CA, 91506",Match,both,42.45393103951979
LIV'S LUMPIAS,729 W PALM DR,PALM,91722,34.088575962587605,-117.90410967322607,729 W Palm Dr Covina 91722,34.088689074245,-117.903985326538,"729 W PALM DR, COVINA, CA, 91722",Match,both,17.00926502723632
LOMO FUEGO-PERUVIAN FOOD,5612 LORELEI AVE,LAKEWOOD,90712,33.857889998170194,-118.1287142256866,5612 Lorelei Ave Lakewood 90712,33.857685671871,-118.128906934397,"5612 LORELEI AVE, LAKEWOOD, CA, 90712",Match,both,28.859047715908947
LONG' STYLE,7424 COLUMBIA ST,ROSEMEAD,91770,34.07075922587169,-118.10737717795344,7424 Columbia St Rosemead 91770,34.071045787482,-118.107062748305,"7424 COLUMBIA ST, ROSEMEAD, CA, 91770",Match,both,43.05914872404784
LOSNOOYADO,11717 HATTERAS ST,LOS ANGELES,91607,34.17588967822499,-118.38840124642812,11717 W Hatteras St Valley Village 91607,34.175833434345,-118.388603258052,"11717 HATTERAS ST, VALLEY VILLAGE, CA, 91607",Match,both,19.60787707804804
LUCKY'S PLACE,4777 137TH PL 8,HAWTHORNE,90250,33.9072392127212,-118.36069472161697,4777 137th Pl Unit 1 Hawthorne 90250,33.907027994234,-118.360753707912,"4777 137TH PL, HAWTHORNE, CA, 90250",Match,both,24.109015707839333
LUSCIOUS TIERRA,3983 HILLCREST DR 2,LOS ANGELES,90008,34.01425684853498,-118.3461821395572,3983 S Hillcrest Dr Los Angeles 90008,34.014189515115,-118.346126314629,"3983 HILLCREST DR, LOS ANGELES, CA, 90008",Match,both,9.084700099626987
LUVMI CHARCUTERIE,8712 S 8TH AVE,INGLEWOOD,90305,33.9584360742648,-118.325079781805,8712 S 8th Ave Inglewood 90305,33.958671248592,-118.325316684994,"8712 S 8TH AVE, INGLEWOOD, CA, 90305",Match,both,34.07688239203643
MA'S OASIS,3225 CHICO AVE,EL MONTE,91733,34.066862055925746,-118.06035503065682,3225 Chico Ave South El Monte 91733,34.066803048748,-118.060178519527,"3225 CHICO AVE, EL MONTE, CA, 91733",Match,both,17.532827293159663
MAM'S KITCHEN,505 S LAKE ST,BURBANK,91502,34.17228269564868,-118.3102923602189,505 S Lake St Burbank 91502,34.172556090989,-118.310341047204,"505 S LAKE ST, BURBANK, CA, 91502",Match,both,30.728369313654582
MAMA CHILA,8200 HOOPER AVE,LOS ANGELES,90001,33.96439168633072,-118.2523172133388,8200 Hooper Ave Los Angeles 90001,33.964555895514,-118.252355884849,"8200 HOOPER AVE, LOS ANGELES, CA, 90001",Match,both,18.604266275986703
MAMA GLENDAS,1013 W MYRRH ST,COMPTON,90220,33.89221172986101,-118.24230954818002,1013 W Myrrh St Compton 90220,33.892043800358,-118.241828744479,"1013 W MYRRH ST, COMPTON, CA, 90220",Match,both,48.14739890623254
MAMA'S COOKING,855 S CITRUS AVE 45,AZUSA,91702,34.13827933288295,-117.89194261176776,855 Azusa 91702,34.107437188382,-117.89031906656,"855 S CITRUS AVE, AZUSA, CA, 91702",Match,both,3432.744780807648
MAMMA NICOLE'S GARDEN GOO,4237 W AVENUE 40,LOS ANGELES,90065,34.12828108208307,-118.23145355167804,4237 W Ave 40 Los Angeles 90065,34.128099773282,-118.231371593502,"4237 W AVE 40, LOS ANGELES, CA, 90065",Match,both,21.525812495404498
MANFU SNACK,17934 CALLE LOS ARBOLES APT,ROWLAND HEIGHTS,91748,33.98475877370011,-117.91439474284266,17934 Calle Los Arboles Rowland Heights 91748,33.984867099106,-117.914541120084,"17934 CLL LOS ARBOLES, ROWLAND HEIGHTS, CA, 91748",Match,both,18.089614719845493
MANGIA AT HOME LLC,3875 HAMPSTEAD RD,LA CANADA FLINTRIDGE,91011,34.1868512294991,-118.2003112332268,3875 Hampstead Rd La Canada Flintridge 91011,34.186453243874,-118.200011254839,"3875 HAMPSTEAD RD, LA CANADA FLINTRIDGE, CA, 91011",Match,both,52.151343124575824
MANNGE CHIX,7306 BONNIE PL,RESEDA,91335,34.20320044457442,-118.55516310151584,7306 N Bonnie Pl Reseda 91335,34.203213063468,-118.555190471297,"7306 BONNIE PL, RESEDA, CA, 91335",Match,both,2.881712386933079
MARDIROSIAN PRODUCTION IN,1681 SANTA BARBARA AVE,GLENDALE,91208,34.18858388543313,-118.22946252581936,1681 Santa Barbara Ave Glendale 91208,34.188533728535,-118.229838538164,"1681 SANTA BARBARA AVE, GLENDALE, CA, 91208",Match,both,35.032279064327376
MARIA AND CLAUDIO JIMENEZ,5248 COMERCIO AVE,WOODLAND HILLS,91364,34.1653527830106,-118.59539157334908,5248 1/2 N Comercio Ave Woodland Hills 91364,34.165075199741,-118.595664599591,"5248 COMERCIO AVE, WOODLAND HILLS, CA, 91364",Match,both,39.79579586392832
MARJAN COOKERY,5525 CANOGA AVE UNIT 103,WOODLAND HILLS,91367,34.1707854415684,-118.59765761734003,5525 N Canoga Ave Woodland Hills 91367,34.170999543652,-118.597500503169,"5525 CANOGA AVE, WOODLAND HILLS, CA, 91367",Match,both,27.85146433558068
MARTHA'S TACOS AND MEXICA,1 429 W 47TH ST,LOS ANGELES,90062,,,,34.001104651874,-118.281862338913,"429 W 47TH ST, LOS ANGELES, CA, 90037",Match,census_only,
MASTERPIECE KITCHEN,8730 E GREENWOD AVE,SAN GABRIEL,91775,34.129466946649536,-118.07827873404928,8730 Huntington Dr San Gabriel 91775,34.123309662816,-118.078577222109,"8730 E GREENWOOD AVE, SAN GABRIEL, CA, 91775",Match,both,685.2097830360549
MAURITIAN STREET FOOD,14349 FRIAR ST UNIT 205,VAN NUYS,91401,34.18580434899088,-118.44606131281216,14349 W Friar St 1-18 Van Nuys 91401,34.185733436509,-118.445418661188,"14349 FRIAR ST, VAN NUYS, CA, 91401",Match,both,59.636403621043584
MEAT DISTRICT,1487 W 29TH ST,LOS ANGELES,90007,34.02877253681058,-118.29423056000836,1487 W 29Th St Los Angeles 90007,34.028719445157,-118.294296372817,"1487 W 29TH ST, LOS ANGELES, CA, 90007",Match,both,8.463711181487984
MEDITERRANEAN HOME KITCH,719 S JUANITA AVE,REDONDO BEACH,90277,33.8519578760324,-118.38696287221354,719 N Juanita Ave Unit A Redondo Beach 90277,33.832298246001,-118.379797111128,"719 S JUANITA AVE, REDONDO BEACH, CA, 90277",Match,both,2284.0310243230356
MEHKO KITCHEN,501 E 99TH ST UNIT 5,INGLEWOOD,90301,33.94691291343364,-118.34894511860637,501 E 99th St Inglewood 90301,33.946729704753,-118.349073035545,"501 E 99TH ST, INGLEWOOD, CA, 90301",Match,both,23.542270073776006
MEI LIN'S KITCHEN,1609 CLAY HILL AVE,HACIENDA HEIGHTS,91745,33.9916798788793,-117.946333930738,1609 Brougham Pl Hacienda Heights 91745,33.995934391419,-117.943925608455,"1609 CLAYHILL AVE, HACIENDA HEIGHTS, CA, 91745",Match,both,522.5904666786078
MEXIQ,27809 BRIDLEWOOD DR,CASTAIC,91384,34.462555387840325,-118.62053791574272,27809 Bridlewood Dr Castaic 91384,34.46243841661,-118.620453594304,"27809 BRIDLEWOOD DR, CASTAIC, CA, 91384",Match,both,15.130553920524717
MI-RI YVONNE,15144 BURBANK BLVD APT 101,SHERMAN OAKS,91411,34.17188649138147,-118.46332497683032,15144 W Burbank Blvd Van Nuys 91411,34.172053768455,-118.462812066779,"15144 BURBANK BLVD, SHERMAN OAKS, CA, 91411",Match,both,50.72026124053042
MICHIS LEMONADE COMPANYL,11533 TINA ST,NORWALK,90650,33.926135846101666,-118.08739410244397,11533 Tina St Norwalk 90650,33.925991538413,-118.087890283668,"11533 TINA ST, NORWALK, CA, 90650",Match,both,48.510857388011935
MIDEAST EATS,9618 GRAPE ST,LOS ANGELES,90002,33.948565190833364,-118.2361672940131,9618 S Grape St Los Angeles 90002,33.949169056495,-118.236225233843,"9618 GRAPE ST, LOS ANGELES, CA, 90002",Match,both,67.3591486351634
MILKSHAKE,4647 DON MIGUEL DR,LOS ANGELES,90008,34.00412082934388,-118.35729743045904,4647 W Don Miguel Dr Los Angeles 90008,34.004737615872,-118.356822872075,"4647 DON MIGUEL DR, LOS ANGELES, CA, 90008",Match,both,81.34682738814207
MINON CAKE,18035 VIA AMOROSA,ROWLAND HEIGHTS,91748,33.98745247102136,-117.91093210908409,18035 Via Amorosa Rowland Heights 91748,33.987328428171,-117.911297776093,"18035 VIA AMOROSA, ROWLAND HEIGHTS, CA, 91748",Match,both,36.42628651708172
MISTI'S HOUSE (PERUVIAN STY,15928 VANOWEN STRA 111,VAN NUYS,91406,34.19365456692324,-118.48028638514258,15928 W Vanowen St Van Nuys 91406,34.193851153068,-118.47993917434,"15928 VANOWEN ST, VAN NUYS, CA, 91406",Match,both,38.699300297804896
MONTERO YOGURT,2704 1/2 HUMBERT AVE,SOUTH EL MONTE,91733,34.06099977290124,-118.05531639411151,2704 Potrero Ave South El Monte 91733,34.061381756648,-118.057781936185,"2704 1/2 HUMBERT AVE, SOUTH EL MONTE, CA, 91733",Match,both,231.05909829177696
MR RYONG'S ARTIST'S RICE,709 S KINGSLEY DR,LOS ANGELES,90005,34.059407484140344,-118.3032086496884,709 S Kingsley Dr Los Angeles 90005,34.059498688506,-118.303148013764,"709 S KINGSLEY DR, LOS ANGELES, CA, 90005",Match,both,11.57801177933844
MY KUZNA,2176 EL DORADO ST,TORRANCE,90501,33.834067802030866,-118.32168734925764,2176 El Dorado St Torrance 90501,33.834414501072,-118.321320713011,"2176 EL DORADO ST, TORRANCE, CA, 90501",Match,both,51.312470986288766
N. DIET,7847 MAMMOTH AVE,PANORAMA CITY,91402,34.21372946250757,-118.43211336496208,7847 N Mammoth Ave Panorama City 91402,34.213880003695,-118.432060553348,"7847 MAMMOTH AVE, PANORAMA CITY, CA, 91402",Match,both,17.42957668012866
"NAPO PIZZA, LLC",16854 KINZIE ST,NORTHRIDGE,91343,34.24849512456884,-118.49976697286336,16854 W Kinzie St North Hills 91343,34.248533492976,-118.499261611831,"16854 KINZIE ST, NORTHRIDGE, CA, 91343",Match,both,46.64537913505107
NAWAL,838 SOLANO AVE,LOS ANGELES,90012,34.07898225316392,-118.23545793136128,838 W Solano Ave Los Angeles 90012,34.078458321829,-118.234893868348,"838 SOLANO AVE, LOS ANGELES, CA, 90012",Match,both,78.05660477578346
NEIGHBORHOOD COFFEE,2748 S RIMPAU BLVD,LOS ANGELES,90016,34.02957432845814,-118.34925981121046,2748 S Rimpau Blvd Los Angeles 90016,34.030117825322,-118.348923615729,"2748 S RIMPAU BLVD, LOS ANGELES, CA, 90016",Match,both,67.91255476509416
NIA'S TABLE,8820 SEPULVEDA EASTWAY APT,LOS ANGELES,90044,33.957289191280886,-118.28801586797066,8820 S Orchard Ave Los Angeles 90044,33.956941199757,-118.394661193469,"8820 SEPULVEDA EASTWAY, LOS ANGELES, CA, 90045",Match,both,9836.111223484157
NICOLASA'S KITCHEN,620 23RD ST,LOS ANGELES,90011,34.02450736689808,-118.26118662658293,620 E 23Rd St Los Angeles 90011,34.024705881347,-118.261406570635,"620 E 23RD ST, LOS ANGELES, CA, 90011",Match,both,29.96848350812881
NIKKIMOMO,4331 MOUNT VERNON DR,LOS ANGELES,90043,34.0009317633958,-118.35353950460438,4331 W Mount Vernon Dr Los Angeles 90043,34.000880599544,-118.353442521911,"4331 W MOUNT VERNON DR, LOS ANGELES, CA, 90043",Match,both,10.596900497376035
NO BRAND,260 AMETHYST CIR,GARDENA,90248,33.86878204582832,-118.29144375370016,260 Amethyst Cir Gardena 90248,33.868928915975,-118.291149061931,"260 AMETHYST CIR, GARDENA, CA, 90248",Match,both,31.732977766684144
NOODLE GIRL,1141 PINE ST 8,SOUTH PASADENA,91030,34.10317457054812,-118.15561598731864,1141 Pine St South Pasadena 91030,34.103372220932,-118.156597740529,"1141 PINE ST, SOUTH PASADENA, CA, 91030",Match,both,93.02595062971129
NOT YO MAMA'S TACOS,27506 RUBY LN,CASTAIC,91384,34.499380703885464,-118.6175079927285,27506 Ruby Ln Castaic 91384,34.49941282106,-118.61748780991,"27506 RUBY LN, CASTAIC, CA, 91384",Match,both,4.0217836754864935
NOT YOUR MOM'S PIES,28603 HEATHER LN,CASTAIC,91384,34.48572266183082,-118.63651637489436,28603 Heather Ln Castaic 91384,34.485461134629,-118.637095806042,"28603 HEATHER LN, CASTAIC, CA, 91384",Match,both,60.548146985258214
NOURISHED ROOTS,1385 PARTRIDGE LN,GLENDORA,91740,34.125576609737315,-117.83953227632183,1385 Partridge Ln Glendora 91740,34.125456778248,-117.839388080336,"1385 PARTRIDGE LN, GLENDORA, CA, 91740",Match,both,18.80741710670906
NOURISOUP,9861 E LEMON AVE,ARCADIA,91007,34.118507751461614,-118.0566351690472,9861 E Lemon Ave Arcadia 91007,34.118289746904,-118.057368240875,"9861 E LEMON AVE, ARCADIA, CA, 91007",Match,both,71.70550119444725
OK DUCK,18709 FIELDBROOK ST,ROWLAND HEIGHTS,91748,33.97028538349439,-117.89506070391477,18709 Fieldbrook St Rowland Heights 91748,33.970145781302,-117.895036331511,"18709 FIELDBROOK ST, ROWLAND HEIGHTS, CA, 91748",Match,both,15.6849208875541
OMAR'S TACOS,425 S 5TH AVE,LA PUENTE,91746,34.03499360042215,-117.986905220471,425 5th Ave La Puente 91746,34.034938849182,-117.986599934335,"425 5TH AVE, LA PUENTE, CA, 91746",Match,both,28.78238499017857
ONGGI JONGGI,4320 VIINTON AVE,CULVER CITY,90232,34.01776214493024,-118.38937095619366,4320 Duquesne Ave Culver City 90232,34.012839527235,-118.395155021461,"4320 VINTON AVE, CULVER CITY, CA, 90232",Match,both,764.079032175723
OTTI'S,464 WILLIAMS DR,LOS ANGELES,90048,34.070349999165295,-118.3836100012302,464 S Robertson Blvd Los Angeles 90048,,,,No_Match,gdb_only,
OUR LADY OF SHALLOT,820 COLORADO BLVD,LOS ANGELES,90041,34.14023055128462,-118.18354872723047,820 W Colorado Blvd Los Angeles 90041,34.140401728319,-118.183430023126,"820 COLORADO BLVD, LOS ANGELES, CA, 90041",Match,both,21.946315560610056
PACAELI SERVICES,1428 W 256TH ST,HARBOR CITY,90710,33.79764140761655,-118.3022548415321,1428 W Lomita Blvd Harbor City 90710,33.791418880435,-118.301630799411,"1428 W 256TH ST, HARBOR CITY, CA, 90710",Match,both,694.312314613341
PARKER HOUSE DELIGHTS,3873 1/2 W 54TH ST,LOS ANGELES,90043,33.99331031167168,-118.3417372153084,3873 1/2 W 54th St Los Angeles 90043,33.993115451751,-118.341562364642,"3873 1/2 W 54TH ST, LOS ANGELES, CA, 90043",Match,both,27.00606410162112
PIES IN THE SKY,13618 EARLHAM DR,WHITTIER,90602,33.97200302984149,-118.03013939243164,13618 Via Del Palma Ave Whittier 90602,33.976242844719,-118.030569465123,"13618 EARLHAM DR, WHITTIER, CA, 90602",Match,both,473.11099713254646
PILI PILI DE CONGO,2131 LINDA FLORA DR,LOS ANGELES,90077,34.11012131824298,-118.46517553446344,2131 N Linda Flora Dr Los Angeles 90077,34.113224464768,-118.464701365514,"2131 LINDA FLORA DR, LOS ANGELES, CA, 90077",Match,both,347.80454870838975
PINKELICIOUS BY CHEF MYLEN,4317 W WOODLAND AVE,BURBANK,91505,34.15752234960578,-118.34996839837385,4317 Woodland Ave Burbank 91505,34.157483409904,-118.349482823282,"4317 WOODLAND AVE, BURBANK, CA, 91505",Match,both,44.888777281889524
POP JERK,4125 W 59TH ST,LOS ANGELES,90043,33.98721048070529,-118.34726652010414,4125 W 59Th St Los Angeles 90043,33.987163954412,-118.346676937098,"4125 W 59TH ST, LOS ANGELES, CA, 90043",Match,both,54.60440497868583
QUDSIA'S,3736 JASMINE AVE UNIT 218,LOS ANGELES,90034,34.02300677684661,-118.40273459224451,3736 S Jasmine Ave 1-38 Los Angeles 90034,34.023107196507,-118.402877871274,"3736 JASMINE AVE, LOS ANGELES, CA, 90034",Match,both,17.29287196046861
RAFNROLL,530 W STOCKER ST UNIT 103,GLENDALE,91202,34.163338017567646,-118.26661227205794,530 W Stocker St UNIT 101 Glendale 91202,34.163364135858,-118.266170711525,"530 W STOCKER ST, GLENDALE, CA, 91202",Match,both,40.730386978541546
RAILROAD RESTAURANT,36202 116TH ST,LITTLEROCK,93542,,,,34.541217246258,-117.922766579847,"36202 116TH ST E, LITTLEROCK, CA, 93543",Match,census_only,
"RASPADOS ESTILO TONALA, JA",14449 PALMROSE ST,BALDWIN PARK,91706,34.0982252456735,-117.95883698105784,14449 Cavette Pl Baldwin Park 91706,34.089215959418,-117.95907892007,"14449 PALMROSE ST, BALDWIN PARK, CA, 91706",Match,both,1002.0346158071014
RASPADOS NATURALES,1519 S HUNTINGTON ST,POMONA,91766,34.04355225023004,-117.7608568689647,1519 S Huntington St Pomona 91766,34.043590939007,-117.760630102899,"1519 S HUNTINGTON ST, POMONA, CA, 91766",Match,both,21.33194197106015
RED DRAGON LOUNGE,6228 ORANGE ST 6,LOS ANGELES,90048,34.06416841637542,-118.36448743956788,6228 W Orange St 1-12 Los Angeles 90048,34.064240764513,-118.363769337582,"6228 ORANGE ST, LOS ANGELES, CA, 90048",Match,both,66.63538593461358
RED EYE CAFE,16559 RUSSELL ST,WHITTIER,90603,33.94418941936666,-117.9768224987891,16559 Russell St Whittier 90603,33.944056436713,-117.977169127098,"16559 RUSSELL ST, WHITTIER, CA, 90603",Match,both,35.22849235681327
RENAISSANCE SOUTH LA INC,5632 WENLOCK ST,LOS ANGELES,90016,34.0192994134549,-118.36828402960974,5632 W Wenlock St Los Angeles 90016,34.019272570839,-118.367970749822,"5632 WENLOCK ST, LOS ANGELES, CA, 90016",Match,both,29.026932722385546
RENI COFFEE,1532 253RD ST,HARBOR CITY,90710,33.794636213739764,-118.30379523273176,1532 W 253Rd St Harbor City 90710,33.794688959814,-118.303239226426,"1532 W 253RD ST, HARBOR CITY, CA, 90710",Match,both,51.71256329329029
ROLLI BAKEHOUSE,1221 S 6TH AVE,ARCADIA,91006,34.12613896783005,-118.01928519728862,1221 S 6th Ave Arcadia 91006,34.126588436752,-118.01879687955,"1221 S 6TH AVE, ARCADIA, CA, 91006",Match,both,67.21773677460203
ROYAL HOME DELI,18941 1/2 LA GUARDIA ST,ROWLAND HEIGHTS,91748,33.97775302329026,-117.89125970070596,18941 1/2 La Guardia St Rowland Heights 91748,33.977306419602,-117.889532229855,"18941 1/2 LA GUARDIA ST, ROWLAND HEIGHTS, CA, 91748",Match,both,166.8501913733448
RUBIE,1831 FAIR PARK AVE,LOS ANGELES,90041,34.13472559905278,-118.2078123933678,1831 W Fair Park Ave Los Angeles 90041,34.134660535669,-118.207660288317,"1831 FAIR PARK AVE, LOS ANGELES, CA, 90041",Match,both,15.758396563496689
SABOR DE MI TIERRA,13367 WINGO ST,ARLETA,91331,34.24142017162532,-118.42480934049584,13367 W Wingo St Pacoima 91331,34.24151973874,-118.424510654162,"13367 WINGO ST, ARLETA, CA, 91331",Match,both,29.603999763774
SABOR MEXICO HOMEMADE,11811 PIONEER BLVD APT 19,NORWALK,90650,33.92389206440726,-118.0823446917464,11811 Pioneer Blvd Norwalk 90650,33.924247954563,-118.081928899602,"11811 PIONEER BLVD, NORWALK, CA, 90650",Match,both,55.116493631879166
SABOR PERUANO,15433 SATICOY ST,VAN NUYS,91406,34.20858234579953,-118.4695185632034,15433 W Saticoy St Van Nuys 91406,34.208503435389,-118.469277916907,"15433 SATICOY ST, VAN NUYS, CA, 91406",Match,both,23.805405096449224
SAHANI DELIGHT KITCHEN,3512 KNOLL CREST AVE,LOS ANGELES,90043,33.99900253884901,-118.33377717388836,3512 Knoll Crest Ave Los Angeles 90043,33.999097798143,-118.333565048169,"3512 KNOLL CREST AVE, LOS ANGELES, CA, 90043",Match,both,22.239494500774008
SAVIE BAKE SHOP,5053 CARTWRIGHT AVE,NORTH HOLLYWOOD,91601,34.16260880783134,-118.36383658564536,5053 N Cartwright Ave North Hollywood 91601,34.162762865265,-118.363780382114,"5053 CARTWRIGHT AVE, NORTH HOLLYWOOD, CA, 91601",Match,both,17.89390215416475
SERVE COFFEE + PASTRIES,4820 W AVE L14,LANCASTER,93536,34.64718612443395,-118.21619454346592,4820 W Avenue L14 Lancaster 93536,34.647563702923,-118.215599623566,"4820 W AVE L14, LANCASTER, CA, 93536",Match,both,68.73412986872064
SEVEN PLATES LA,5200 WILSHIRE BLVD UNIT 585,LOS ANGELES,90036,34.061942806069865,-118.34349559594376,5200 W Wilshire Blvd Los Angeles 90036,34.06212459034,-118.342928816549,"5200 WILSHIRE BLVD, LOS ANGELES, CA, 90036",Match,both,55.98655675449942
SIMPLY TASTEFULL,308 S ALMANSOR ST A,ALHAMBRA,91801,34.0948717943344,-118.1184698299178,308 S Almansor St Alhambra 91801,34.094968029826,-118.11884138652,"308 S ALMANSOR ST, ALHAMBRA, CA, 91801",Match,both,35.847949887112584
SMILING ISLANDER,2832 MANSFIELD DR,BURBANK,91504,34.2078445668588,-118.32797113521572,2832 Mansfield Dr Burbank 91504,34.207280984572,-118.327742900325,"2832 MANSFIELD DR, BURBANK, CA, 91504",Match,both,66.08873078269515
SMOKE CITY BBQ LA,1902 W 37TH PL,LOS ANGELES,90018,34.02018459546682,-118.31429726921604,1902 W 37Th Pl Los Angeles 90018,34.020234855806,-118.313958020167,"1902 W 37TH PL, LOS ANGELES, CA, 90018",Match,both,31.76170464788
SMOKE MO'S LA,13609 BURBANK AVE # 6,VAN NUYS,91401,34.17230337768261,-118.42938219694852,13609 W Burbank Blvd Van Nuys 91401,34.172179437072,-118.429338745063,"13609 BURBANK BLVD, VAN NUYS, CA, 91401",Match,both,14.349609535633943
SMOKED OUT SLIDERS,5439 S VICTORIA AVE,LOS ANGELES,90043,33.991856978817914,-118.33234253186922,5439 S Victoria Ave Los Angeles 90043,33.992782844989,-118.332252385024,"5439 S VICTORIA AVE, LOS ANGELES, CA, 90043",Match,both,103.2865316192394
SOCAL PIE CO,11108 CRESTBROOK ST,NORWALK,90650,33.930524307909884,-118.081485047409,11108 Pioneer Blvd Norwalk 90650,33.904091187964,-118.097290605596,"11108 CRESTBROOK ST, NORWALK, CA, 90650",Match,both,3281.179443050924
SONG'S STUDIO,3345 E GREEN ST,PASADENA,91107,34.14535412965093,-118.08213504228291,3345 E Green St Pasadena 91107,34.145276669124,-118.082441045016,"3345 E GREEN ST, PASADENA, CA, 91107",Match,both,29.448228294061035
SOUL & SPICE,9118 LA ALBA DR,WHITTIER,90603,33.953707226315565,-117.9917869983821,9118 La Alba Dr Whittier 90603,33.953982218102,-117.991763260773,"9118 LA ALBA DR, WHITTIER, CA, 90603",Match,both,30.655975626232383
SQUAT FOX MEAL,63 W BIRCHCROFT ST,ARCADIA,91007,34.11327568686632,-118.03379704781972,63 W Birchcroft St Arcadia 91007,34.113001594456,-118.032855828299,"63 W BIRCHCROFT ST, ARCADIA, CA, 91007",Match,both,91.8541041796385
SSAL&,6644 LOCKLENNA LN,RANCHO PALOS VERDES,90275,33.76540061849938,-118.39423403086695,6644 Locklenna Ln Rancho Palos Verdes 90275,33.765684377808,-118.393766055617,"6644 LOCKLENNA LN, RANCHO PALOS VERDES, CA, 90275",Match,both,53.54343038652095
SUMTH' N DELICIOUS,1545 WINDSOR PL,PALMDALE,93551,34.60146586312523,-118.15824570481516,1545 Windsor Pl Palmdale 93551,34.601296663997,-118.157942239426,"1545 WINDSOR PL, PALMDALE, CA, 93551",Match,both,33.54753175043539
SUP,918 S OXFORD AVE PH 44,LOS ANGELES,90006,34.05540627552991,-118.30764718729895,918 S Oxford Ave 1-225 Los Angeles 90006,34.054175886915,-118.307356289613,"918 S OXFORD AVE, LOS ANGELES, CA, 90006",Match,both,139.41297328843902
SWEET STICKY THANGS,3837 SUTRO AVE,LOS ANGELES,90008,34.016317798859795,-118.32335161422957,3837 S Sutro Ave Los Angeles 90008,34.016893318848,-118.323304427574,"3837 SUTRO AVE, LOS ANGELES, CA, 90008",Match,both,64.14251123241564
TACO LEGENDZ,11443 HORTON AVE,DOWNEY,90241,33.94392693982056,-118.14664831548218,11443 Horton Ave Downey 90241,33.944135812894,-118.146262781126,"11443 HORTON AVE, DOWNEY, CA, 90241",Match,both,42.476032659269485
TACOS EL ARBITRO,10252 STANWIN AVE,ARLETA,91331,34.256914615483126,-118.44244368096192,10252 N Stanwin Ave Pacoima 91331,34.256691913911,-118.442365684615,"10252 STANWIN AVE, ARLETA, CA, 91331",Match,both,25.779920972836194
TACOS EL CHINO,4654 W AVE L,LANCASTER,93536,34.66003544550014,-118.2140539659278,4654 W Avenue L Lancaster 93536,34.660188779933,-118.213470402587,"4654 W AVE L, LANCASTER, CA, 93536",Match,both,56.031162223162724
TACOS EL PARIENTE DE MAZA,14420 S ATLANTIC AVE APT A,COMPTON,90221,33.90223326634263,-118.19348849837613,14420 1/4 S Atlantic Ave Compton 90221,33.902411224973,-118.193730139691,"14420 S ATLANTIC AVE, COMPTON, CA, 90221",Match,both,29.81465618020975
TAO'S KITCHEN,3121 ISABEL AVE,ROSEMEAD,91770,34.06498688570599,-118.10129590011913,3121 Evelyn Ave Rosemead 91770,34.065162655198,-118.10241447343,"3121 ISABEL AVE, ROSEMEAD, CA, 91770",Match,both,104.87366993191245
TAUROUXS SMASH BURGERS,10034 BALMORAL ST,WHITTIER,90601,34.00887003673024,-118.06150029589205,10034 Balmoral St Whittier 90601,34.009180431758,-118.061634779652,"10034 BALMORAL ST, WHITTIER, CA, 90601",Match,both,36.67290908701223
TEQUETABLE,12534 W FIELDING CIR UNIT 2,LOS ANGELES,90094,33.97822390899226,-118.41200432942206,12534 W Fielding Cir 1-6 Playa Vista 90094,33.978491597936,-118.411930359568,"12534 FIELDING CIR, LOS ANGELES, CA, 90094",Match,both,30.53710977485857
TERRA TABLE,1907 MAGINN DR,GLENDALE,91202,34.17515483916748,-118.26019163884496,1907 Maginn Dr Glendale 91202,34.175456058845,-118.260045934331,"1907 MAGINN DR, GLENDALE, CA, 91202",Match,both,36.0765953346735
THAI RAMA KITCHEN,736 W DRYDEN ST,GLENDALE,9120-2,,,,34.160980490552,-118.271456457227,"736 W DRYDEN ST, GLENDALE, CA, 91202",Match,census_only,
THE APRON GUILD,4024 SUNSWEPT DR,STUDIO CITY,91604,34.14292612179947,-118.40889390825367,4024 N Sunswept Dr Studio City 91604,34.142946524442,-118.408919071346,"4024 SUNSWEPT DR, STUDIO CITY, CA, 91604",Match,both,3.2418409490256246
THE BEST KOSHER BURGER,1686 S RIMPAU BLVD,LOS ANGELES,90019,34.044073931574964,-118.3413146594947,1686 S Rimpau Blvd Los Angeles 90019,34.044452419668,-118.341236558876,"1686 S RIMPAU BLVD, LOS ANGELES, CA, 90019",Match,both,42.69671106725006
THE ERNEST ELIXIRS CORPORA,3820 ALOHA ST,LOS ANGELES,90027,34.10648468989359,-118.27556881836249,3820 W Aloha St Los Angeles 90027,34.106608076417,-118.275659583666,"3820 ALOHA ST, LOS ANGELES, CA, 90027",Match,both,16.06459147791187
THE HEARTY HOME COMPANY,7829 MELBA AVE,WEST HILLS,91304,34.21256769942061,-118.63470835860086,7829 N Melba Ave Canoga Park 91304,34.212932132561,-118.634704519446,"7829 MELBA AVE, WEST HILLS, CA, 91304",Match,both,40.524653986977555
THE HERBITAGE TABLE,933 HILGARD AVE UNIT 4,LOS ANGELES,90024,34.06293258895101,-118.44168503128822,933 S Hilgard Ave 1-14 Los Angeles 90024,34.063243090214,-118.441408372116,"933 HILGARD AVE, LOS ANGELES, CA, 90024",Match,both,42.91306800179285
THE KEBAB MOB,3510 SANDSTONE CT,PALMDALE,93551,34.60119353695024,-118.19238264169348,3510 Sandstone Ct Palmdale 93551,34.601357497673,-118.192051113559,"3510 SANDSTONE CT, PALMDALE, CA, 93551",Match,both,35.39971249125451
THE MINI BITES COMPANY,2415 HARWOOD ST,LOS ANGELES,90031,34.090394438067335,-118.2315528350808,2415 N Harwood St Los Angeles 90031,34.09021159218,-118.231630578819,"2415 HARWOOD ST, LOS ANGELES, CA, 90031",Match,both,21.555159541230267
THE OCEAN'S TABLE,501 E ESPLANADE,REDONDO BEACH,90277,33.835843006190494,-118.38946267933883,501 Esplanade Redondo Beach 90277,33.835495190613,-118.389146520631,"501 ESPLANADE, REDONDO BEACH, CA, 90277",Match,both,48.46128153136553
THE PASTRY SONG,1435 EAGLE PARK RD 165,HACIENDA HEIGHTS,91745,33.997903592046875,-117.94000389704514,1435 Eagle Park Rd Number 169 Hacienda Heights 91745,33.997324976345,-117.939483953649,"1435 EAGLE PARK RD, HACIENDA HEIGHTS, CA, 91745",Match,both,80.23104406940982
THE PATIO,1235 E 141 ST,COMPTON,90222,33.90462418597198,-118.2530783949652,1235 E 141st St Compton 90222,33.904514009692,-118.253022211456,"1235 E 141ST ST, COMPTON, CA, 90222",Match,both,13.303122605997173
THE SMOKEY SERMON,8240 HILLROSE ST,SUNLAND,91040,34.263183285196654,-118.3123988487342,8240 W Hillrose St Sunland 91040,34.263281732899,-118.312310955192,"8240 HILLROSE ST, SUNLAND, CA, 91040",Match,both,13.604274915789205
THE SWEET MEXICRAFT,6156 EASTON ST,LOS ANGELES,90022,34.0133625213787,-118.13893366003192,6156 Easton St Los Angeles 90022,34.01352755827,-118.139372274114,"6156 E EASTON ST, LOS ANGELES, CA, 90022",Match,both,44.39732462307695
THE TAMALE SHOPPE,6311 N FIGUEROA ST,LOS ANGELES,90042,34.11595832059298,-118.18428467897068,6311 N Figueroa St 1-12 Los Angeles 90042,34.115763319164,-118.184172652965,"6311 N FIGUEROA ST, LOS ANGELES, CA, 90042",Match,both,24.01077887791312
THREE MONSTERS KITCHEN &,1447 W 228TH ST APT. 108,TORRANCE,90501,33.81915059513652,-118.30310845672216,1447 W 228Th St Torrance 90501,33.819068709847,-118.302503205234,"1447 W 228TH ST, TORRANCE, CA, 90501",Match,both,56.65002737294683
TING'S KITCHEN,1260 BARFORD AVE,HACIENDA HEIGHTS,91745,34.0053737835212,-117.95434988231676,1260 Barford Ave Hacienda Heights 91745,34.005422663582,-117.954469813295,"1260 BARFORD AVE, HACIENDA HEIGHTS, CA, 91745",Match,both,12.31896732268579
TL TINY TREATS,11716 LANSDALE ST,EL MONTE,91732,34.09539100138369,-118.00932484226598,11716 Hemlock St El Monte 91732,34.067285714393,-118.022934111743,"11716 LANSDALE AVE, EL MONTE, CA, 91732",Match,both,3367.132554368203
TOASTED SUGAR BAKERY,15000 HALLDALE AVE 109,GARDENA,90247,33.89525703567396,-118.3024155689081,15000 Halldale Ave Unit 126 Gardena 90247,33.895452610175,-118.302508609899,"15000 HALLDALE AVE, GARDENA, CA, 90247",Match,both,23.38103351148464
TRUE FORM,1247 N SYCAMORE AVE APT 1,LOS ANGELES,90038,34.093950972821894,-118.34293649817226,1247 N Sycamore Ave Los Angeles 90038,34.09339782002,-118.342876581702,"1247 N SYCAMORE AVE, LOS ANGELES, CA, 90038",Match,both,61.754741581962044
U.S. XIAFEI TIANDI EDUCATION,1 951 OLYMPUS AVE,HACIENDA HEIGHTS,91745,,,,34.011795838403,-117.96058763132,"951 S OLYMPUS AVE, HACIENDA HEIGHTS, CA, 91745",Match,census_only,
UYGHUR HOME KITCHEN,17350 HUMPHREY'S PKWY # 11,2SANTA CLARITA,91387,34.41369077789975,-118.44024268940817,17350 Humphreys Pkwy Unit 1 Canyon Country 91387,,,,No_Match,gdb_only,
VEGAN GOT SOUL!,6400 GREEN VALLEY CIR 318,CULVER CITY,90230,33.98021275304209,-118.38507640601313,6400 Green Valley Cir Unit 210 Culver City 90230,33.980878065537,-118.385247085022,"6400 GREEN VALLEY CIR, CULVER CITY, CA, 90230",Match,both,75.63478100199649
VEGGIE Y QUE,5713 DANBY AVE,WHITTIER,90606,33.99753607198862,-118.0654164216922,5713 Danby Ave Whittier 90606,33.997471296445,-118.065326927731,"5713 DANBY AVE, WHITTIER, CA, 90606",Match,both,10.95195118404585
VENDITTIS PIZZA,25225 KEATS LN,STEVENSON RANCH,91381,34.38051026999176,-118.5852828014566,25225 Keats Ln Stevenson Ranch 91381,34.380146304675,-118.585113308905,"25225 KEATS LN, STEVENSON RANCH, CA, 91381",Match,both,43.35720109315952
VIDA KITCHEN,26247 MONTE VISTA AVE,LOMITA,90717,33.783855735266755,-118.3139571543938,26247 Monte Vista Ave Lomita 90717,33.784485820729,-118.313729796645,"26247 MONTE VISTA AVE, LOMITA, CA, 90717",Match,both,73.14528065261806
VILLAGE GATE,1510 1/2 W FLORENCE AVE,LOS ANGELES,90047,33.97440820389747,-118.3028936641871,1510 W Florence Ave Los Angeles 90047,33.974514860226,-118.30285967623,"1510 1/2 W FLORENCE AVE, LOS ANGELES, CA, 90047",Match,both,12.266775952042439
VOODI'S KITCHEN,24515 EILAT ST,WOODLAND HILLS,91367,34.177662324720345,-118.65835976008792,24515 W Eilat St Woodland Hills 91367,34.177572616206,-118.658419410085,"24515 EILAT ST, WOODLAND HILLS, CA, 91367",Match,both,11.384800423179058
WAIT WAIT WAIT,1856 CRAIGTON AVE,HACIENDA HEIGHTS,91745,33.99762656067519,-117.96163201845732,1856 Craigton Ave Hacienda Heights 91745,33.998072497673,-117.961865940626,"1856 CRAIGHTON AVE, HACIENDA HEIGHTS, CA, 91745",Match,both,54.072145638752346
WATTS,Q16927 S GARDENA AVE,GARDENA,90247,,,,,,,No_Match,neither,
WRAPS-TO-GOMEZTREJO,322 N IVY AVE,MONROVIA,91016,34.15770099104519,-117.99861795058273,322 N Ivy Ave Monrovia 91016,34.157600501269,-117.998865079123,"322 N IVY AVE, MONROVIA, CA, 91016",Match,both,25.336236203881537
WURST BARBEQUE,4639 MARWOOD DR,LOS ANGELES,90065,34.13061338739825,-118.22446466362985,4639 W Marwood Dr Los Angeles 90065,34.13058103692,-118.224430879529,"4639 MARWOOD DR, LOS ANGELES, CA, 90065",Match,both,4.754936565535443
YANA'S LADAS,8622 BEACH ST,LOS ANGELES,90002,33.95923722120237,-118.24173949309773,8622 Beach St Los Angeles 90002,33.959748905482,-118.24187885986,"8622 BEACH ST, LOS ANGELES, CA, 90002",Match,both,58.33051916425342
YANG'S FAMILY KITCHEN,24 SAN RAPHAEL PL,POMONA,91766,34.037648751072936,-117.78858589550288,24 San Raphael Pl Pomona 91766,34.037894484304,-117.787897819084,"24 SAN RAPHAEL PL, POMONA, CA, 91766",Match,both,69.03929236768198
YU'S KITCHEN,1506 PALM AVE UNIT D,SAN GABRIEL,91776,34.08164907405702,-118.0968283913713,1506 Palm Ave San Gabriel 91776,34.081550289357,-118.097351657218,"1506 PALM AVE, SAN GABRIEL, CA, 91776",Match,both,49.42676490234631
YUE YUMMY KITCHEN,1621 E ALASKA ST,WEST COVINA,91791,34.0591658644599,-117.91136710487932,1621 E Alaska St West Covina 91791,34.059004420156,-117.911370442465,"1621 E ALASKA ST, WEST COVINA, CA, 91791",Match,both,17.954420274477183
