business_id,business_name,address,city,postal_code,business_type,cuisine_tags,description,instagram,website,contact_email,social_confidence,lat,lon,matched_address,updated_at
3-up-burgers,3 UP BURGERS,532 SAN BENITO ST UNIT 7,LOS ANGELES,90033,Sandwiches/Burgers,"burgers, cheeseburgers, smash burgers",Serves burgers with various toppings in Los Angeles.,,,,low,34.05087593817,-118.213378363668,"532 SAN BENITO ST, LOS ANGELES, CA, 90033",
absolute-sweetness-cafe,ABSOLUTE SWEETNESS CAFE,L716 CARMELITA PL,MONTEBELLO,90640,Mexican,"mexican, cafe, sweets",Mom-and-pop Mexican cafe offering food and sweet treats in Montebello.,@absolute.sweetness,,,high,34.001280854543,-118.116748872372,"716 CARMELITA PL, MONTEBELLO, CA, 90640",
ada-deliciosa-comida-guat,ADA DELICIOSA COMIDA GUAT,18646 BRYANT ST,NORTHRIDGE,91324,Salvadoran/Guatemalan,"guatemalan, comida tipica",Serves delicious homemade Guatemalan food in Northridge.,,,,low,34.227270845963,-118.539300930429,"18646 BRYANT ST, NORTHRIDGE, CA, 91324",
alejandra-s-cocina,ALEJANDRA'S COCINA,12512 PELLISSIER RD,WHITTIER,90601,Mexican,"mexican, carne asada, guisados","Mexican home kitchen serving carne asada, quesadillas, guisados, and mole fries.",,,,low,34.033594903201,-118.030571869099,"12512 PELLISSIER RD, WHITTIER, CA, 90601",
alena-s-lab-kitchen,ALENA'S LAB KITCHEN,1647 W PACIFIC COAST HWY 87,WILMINGTON,90744,Other,"home kitchen, homemade",Home kitchen business in Wilmington with limited available details.,@alenaslabkitchen,https://www.alenaslabkitchen.com,,high,33.791217775758,-118.243373249899,"1647 PACIFIC COAST HWY, WILMINGTON, CA, 90744",
allen-s-baliwag-special-chi,ALLEN'S BALIWAG SPECIAL CHI,4924 LINCOLN AVE,LOS ANGELES,90042,Filipino,"filipino, lechon, bbq","Filipino food featuring Baliwag lechon manok, liempo, BBQ, and more.",,,,low,34.120838283848,-118.208715002373,"4924 LINCOLN AVE, LOS ANGELES, CA, 90042",
almuerzo-casero,ALMUERZO CASERO,10983 NOBLE AVE,MISSION HILLS,91345,Latin American,"latin, almuerzo, homestyle",Homestyle Latin American lunch meals served from a home kitchen.,,,,low,34.268897959525,-118.459717177728,"10983 NOBLE AVE, MISSION HILLS, CA, 91345",
amber-kitchen,AMBER KITCHEN,201 N GRANADA AVE,ALHAMBRA,91801,Breakfast/Brunch,"brunch, coffee, lunch",Kitchen and coffee spot offering brunch and lunch fare in Alhambra.,,,,medium,34.101484190247,-118.119272822168,"201 N GRANADA AVE, ALHAMBRA, CA, 91801",
andres-s-fernandez-llc,ANDRES S FERNANDEZ LLC,30544 CANNES PL,CASTAIC,91384,Sandwiches/Burgers,"grilled cheese, bar food, sandwiches",Operates as The 805 Bar & Grilled Cheese offering sandwiches.,,,,low,34.474016436533,-118.645059320526,"30544 CANNES PL, CASTAIC, CA, 91384",
angel-city-dumpling-co,ANGEL CITY DUMPLING CO.,5933 KENTLAND AVE,WOODLAND HILLS,91367,Other,"dumplings, fusion, shawarma","Fusion dumplings filled with chicken shawarma, basmati rice, and hummus.",@angelcitydumplingco,https://www.hotplate.com/angelcitydumplings,,high,34.17832067053,-118.617910496729,"5933 KENTLAND AVE, WOODLAND HILLS, CA, 91367",
angry-bull-bbq,ANGRY BULL BBQ,4430 MARY ELLEN AVE,SHERMAN OAKS,91423,BBQ,"bbq, brisket, ribs","Smoked BBQ meats including brisket, ribs, chicken, and classic sides.",@angrybullbbq,https://www.angrybullbbq.com/,,high,34.150936135326,-118.419160041435,"4430 MARY ELLEN AVE, SHERMAN OAKS, CA, 91423",
anita-bakery,ANITA BAKERY,66 E MONTECITO AVE,SIERRA MADRE,91024,Bakery,"bakery, cookies, mooncakes","Small bakery offering made-to-order cookies, mooncakes, and baking classes.",,https://www.anitabakery.com,,high,34.163057731882,-118.051212013724,"66 E MONTECITO AVE, SIERRA MADRE, CA, 91024",
antojitos-m-x-y-mas,ANTOJITOS M.X. Y MAS,42942 19TH ST W,LANCASTER,93534,Mexican,"mexican, antojitos, comfort food",Mexican antojitos and more with vegan and gluten-free options available.,,,,low,34.663270490989,-118.164231012288,"42942 19TH ST W, LANCASTER, CA, 93534",
arusuvai-indian-cuisine,ARUSUVAI INDIAN CUISINE,363 WHITING ST,EL SEGUNDO,90245,Indian/South Asian,"indian, north indian, south indian",Authentic North and South Indian cuisine prepared by an experienced chef.,,https://arusuvaiindiancuisine.square.site/,,medium,33.920092235386,-118.420694461482,"363 WHITING ST, EL SEGUNDO, CA, 90245",
asados-to-go,ASADOS TO GO,13665 POLK ST,POLK,91342,BBQ,"asado, bbq, mexican",Mexican-style BBQ asados served to go on weekends in Sylmar.,@asados_togo,,,high,34.324140842632,-118.43121764934,"13665 POLK ST, SYLMAR, CA, 91342",
baileys-n-more,BAILEYS N' MORE,6637 SPRINGPARK AVE APT 7,LOS ANGELES,90056,Nigerian/West African,"nigerian, fusion, organic","Nigerian-intercontinental fusion cuisine with organic, non-GMO healthy meals.",,https://www.baileysnmore.com/,,high,33.979991291656,-118.375530621112,"6637 S SPRINGPARK AVE, LOS ANGELES, CA, 90056",
bake-n-bloom,BAKE N' BLOOM,2919 GLADSTONE ST,POMONA,91767,Bakery,"bakery, cakes, gifts",Handcrafted cakes and baked gift items beautifully packaged for any occasion.,,,,low,34.099726087341,-117.749772247381,"2919 GLADSTONE ST, POMONA, CA, 91767",
baobao-bread,BAOBAO BREAD,249 S PINE ST APT A,SAN GABRIEL,91776,Bakery,"bread, bao, asian bakery",Home bakery in San Gabriel specializing in bread and bao products.,@baobao.bread,,,medium,34.10032604438,-118.092284828737,"249 S PINE ST, SAN GABRIEL, CA, 91776",
barrio-bites-llc,BARRIO BITES LLC,11000 FELLOWS AVE,PACOIMA,91331,Mexican,"mexican, barbacoa, street food",Mexican street food bites featuring barbacoa from a Pacoima home kitchen.,,,,low,34.269447913502,-118.404689008876,"11000 FELLOWS AVE, PACOIMA, CA, 91331",
baylei-s-comfort-kitchen,BAYLEI'S COMFORT KITCHEN,1000 S GRAND AVE 644,LOS ANGELES,90015,Comfort Food/Soul Food,"comfort food, home dining, chef",In-home comfort dining experience run by professional Chef Baylei Yancey.,,,,low,34.042909735297,-118.260610262174,"1000 S GRAND AVE, LOS ANGELES, CA, 90015",
bender-s-eat-well,BENDER'S EAT WELL,524 W 2ND ST,SAN PEDRO,90731,Sandwiches/Burgers,"sandwiches, wraps, healthy","Serves sandwiches, wraps, and wholesome meals in San Pedro.",@benderseatwell,,,high,33.742440822561,-118.288461454294,"524 W 2ND ST, SAN PEDRO, CA, 90731",
big-market-lamb-soup,BIG MARKET LAMB SOUP,18703 BARROSO ST,ROWLAND HEIGHTS,91748,Mediterranean/Middle Eastern,"lamb soup, chinese, halal",Serves lamb soup and related dishes from a Rowland Heights home kitchen.,,,,low,33.975739998652,-117.897042878358,"18703 BARROSO ST, ROWLAND HEIGHTS, CA, 91748",
birrieria-los-yaquis,BIRRIERIA LOS YAQUIS,BIRRIER BAYLA ST,NORWALK,90650,Mexican,"birria, mexican, stew",Birria specialty restaurant serving traditional Mexican birria in Norwalk.,@birrieria_los_yaquis,,,medium,,,,
bnb-bbq-services-brisket,BNB BBQ SERVICES (BRISKET &,2 328 MO NTR OSE AVE,MONTROSE,91020,BBQ,"bbq, brisket, smoked meats",BBQ service specializing in brisket and smoked meats in Montrose.,@brisketandbonesbbq,,,medium,,,,
bodegacat-la,BODEGACAT LA,510 S SPRING ST APT 1013,LOS ANGELES,90013,Other,"bodega, los angeles, neighborhood",Los Angeles bodega-style food concept with a neighborhood feel.,,,,low,34.047173994348,-118.24973968596,"510 S SPRING ST, LOS ANGELES, CA, 90013",
bond-appetito,BOND APPETITO,1417 N VISTA ST # 313,LOS ANGELES,90046,Other,"italian, homemade, appetito",Artisan food business likely offering Italian-inspired homemade cuisine.,@bondappetito,https://www.bondappetito.com,,high,34.096504034827,-118.351806208148,"1417 N VISTA ST, LOS ANGELES, CA, 90046",
bougie-boards-la,BOUGIE BOARDS LA,5152 8TH AVE,LOS ANGELES,90043,Charcuterie/Boards,"charcuterie, grazing tables, events",Gourmet charcuterie boards and grazing tables with premium ingredients and florals.,@bougieboardsla,https://www.bougieboardsla.com/,,high,33.99567450508,-118.325709908713,"5152 8TH AVE, LOS ANGELES, CA, 90043",
bubbas-bites,BUBBAS BITES,20728 LYCOMING ST,WALNUT,91789,Other,"snacks, bites, comfort food",Serves casual comfort bites and snack-style food in Walnut.,,,,low,34.0028558317,-117.852026646686,"20728 LYCOMING ST, WALNUT, CA, 91789",
cafe-tumbado,CAFE TUMBADO,12164 SHY ST,NORWALK,90650,Beverage/Coffee/Tea,"coffee, oaxacan, latina-owned","Latina-owned home cafe serving Oaxacan coffee, horchata lattes, and specialty drinks.",@cafe_tumbado,,,high,33.92809575518,-118.073657767356,"12164 SHY ST, NORWALK, CA, 90650",
cajun-flare,CAJUN FLARE,7841 RESEDA BLVD UNIT 227,RESEDA,91335,Seafood,"cajun, seafood boil, gumbo","Authentic Cajun comfort food including seafood boils, gumbo, jambalaya, and beignets.",@cajunflare,https://cajunflarela.com,,high,34.212762504847,-118.536135223608,"7841 RESEDA BLVD, RESEDA, CA, 91335",
carnitas-el-bigoton-becerr,CARNITAS EL BIGOTON BECERR,15558 HARVEST AVE,NORWALK,90650,Mexican,"mexican, carnitas, pork",Home kitchen serving carnitas and traditional Mexican pork dishes.,@Carnitas_el_bigoton_becerra,,,high,33.889335245431,-118.091838914929,"15558 HARVEST AVE, NORWALK, CA, 90650",
carol-c-events,CAROL C EVENTS,819 W 126TH ST,LOS ANGELES,90044,Catering/Events,"catering, events, party food","Event catering service for parties, picnics, and private gatherings.",,,,low,33.918167894045,-118.290002977076,"819 W 126TH ST, LOS ANGELES, CA, 90044",
cat-s-out-the-bag,CAT'S OUT THE BAG,25836 OAK ST 1/4,LOMITA,90717,Other,"pet food, homemade",Home kitchen likely specializing in homemade pet food or treats.,,,,low,33.788401311556,-118.317173673014,"25836 OAK ST, LOMITA, CA, 90717",
charcuterie-art-cart-llc,CHARCUTERIE ART CART LLC,1737 CUMBRE DR,SAN PEDRO,90732,Charcuterie/Boards,"charcuterie, grazing boards, entertaining",Artisan charcuterie boards and grazing cart service in San Pedro.,@charcuterie_art_cart,,,high,33.729273888086,-118.315106381164,"1737 CUMBRE DR, SAN PEDRO, CA, 90732",
cheesecake-de-granger,CHEESECAKE DE GRANGER,821 EDGEWOOD ST,INGLEWOOD,90302,Desserts/Sweets,"cheesecake, desserts, bakery",Home kitchen specializing in cheesecakes and desserts in Inglewood.,@cheesecakedegranger,,,high,33.973921802904,-118.354922955093,"821 EDGEWOOD ST, INGLEWOOD, CA, 90302",
chef-c-notes-creations,CHEF C-NOTES CREATIONS,6430 YOLANDA AVE,RESEDA,91335,Other,"chef, creative, homemade",Home kitchen offering creative chef-driven culinary creations.,,,,low,34.187587129907,-118.540322487739,"6430 YOLANDA AVE, RESEDA, CA, 91335",
chef-glenda-goodness,CHEF GLENDA GOODNESS,2253 DELICIOUS LN,PALMDALE,93551,Other,"homemade, chef, comfort food",Chef-driven home kitchen offering wholesome homemade dishes in Palmdale.,@chefglendagoodness,https://www.chefglendagoodness.com/,,high,34.565956013777,-118.168828216341,"2253 DELICIOUS LN, PALMDALE, CA, 93551",
chef-tobin-s-plant-based-ki,CHEF TOBIN'S PLANT BASED KI,17608 KINGSBUR ST,GRANADA HILLS,91344,Vegan/Vegetarian,"plant-based, vegan, healthy",Plant-based home kitchen serving vegan meals in Granada Hills.,@chefdavidtobin,,,medium,34.263604814893,-118.517804632949,"17608 KINGSBURY ST, GRANADA HILLS, CA, 91344",
chez-fatoumata,CHEZ FATOUMATA,2221 S WESTERN AVE UNIT 210,LOS ANGELES,90018,Nigerian/West African,"west african, senegalese, homemade",West African home kitchen serving traditional dishes in Los Angeles.,,,,medium,34.03579731847,-118.30904548513,"2221 S WESTERN AVE, LOS ANGELES, CA, 90018",
chi-town-pizza,CHI TOWN PIZZA,126 E LINFIELD ST,GLENDORA,91740,Pizza/Italian,"pizza, chicago-style, deep dish",Chicago-style pizza made from a home kitchen in Glendora.,@chitownpizzas,https://book.heygoldie.com/ChiTownPizzas,,high,34.124292818734,-117.863231244626,"126 E LINFIELD ST, GLENDORA, CA, 91740",
chicago-meats-la,CHICAGO MEATS LA,11853 BURBANK BLVD,VALLEY VILLAGE,91607,Sandwiches/Burgers,"meats, chicago-style, deli",Chicago-style meats and deli sandwiches from a home kitchen.,,https://chicagomeatsla.com,,medium,34.172206434898,-118.391333362493,"11853 BURBANK BLVD, VALLEY VILLAGE, CA, 91607",
chuchu-dessert-lab,CHUCHU DESSERT LAB,700 W 9TH ST,LOS ANGELES,90015,Desserts/Sweets,"desserts, sweets, lab",Creative dessert lab offering unique sweet treats in Los Angeles.,,,,low,34.045806429393,-118.261538395481,"700 W 9TH ST, LOS ANGELES, CA, 90015",
cinema-chow,CINEMA CHOW,20304 HIGHPOINT PL,SANTA CLARITA,91351,Other,"meal prep, homemade, comfort food",Home kitchen offering homemade meals and comfort food in Santa Clarita.,@cinema.chow,,,medium,34.43505610174,-118.491455499946,"20304 HIGHPOINT PL, SANTA CLARITA, CA, 91351",
club-051,CLUB 051,22252 HAMLIN ST,WOODLAND HILLS,91303,Other,"homemade, comfort food",Home kitchen in Woodland Hills offering prepared meals and snacks.,,,,low,34.189065854265,-118.611736489856,"22252 HAMLIN ST, WOODLAND HILLS, CA, 91303",
coach-s,COACH'S,11442 RUBIO AVE,GRANADA HILLS,91344,Comfort Food/Soul Food,"comfort food, homemade, healthy",Health-focused home kitchen serving wholesome comfort food in Granada Hills.,,,,low,34.278056957587,-118.496686426169,"11442 RUBIO AVE, GRANADA HILLS, CA, 91344",
coffee-and-toast,COFFEE AND TOAST,3614 NORTHLAND DR,VIEW PARK,90008,Beverage/Coffee/Tea,"coffee, toast, breakfast",Coffee and toast home kitchen offering beverages and light bites.,@coffeetoast2,,,medium,34.004653216117,-118.337416277077,"3614 NORTHLAND DR, VIEW PARK, CA, 90008",
cold-brew-coffee-crew,Cold Brew Coffee Crew,6045 SELMA AVE,LOS ANGELES,90028,Beverage/Coffee/Tea,"cold brew, coffee, sourdough toast",Speakeasy home cafe in Hollywood serving cold brew coffee drinks and sourdough toasts.,@coldbrewcoffeecrew,https://www.coldbrewcoffeecrewla.com,coldbrewcoffewcrew@proton.me,high,34.099743770632,-118.321328310101,"6045 SELMA AVE, LOS ANGELES, CA, 90028",2026-08-04
corazon-coffee-and-pastri,CORAZON COFFEE AND PASTRI,10247 SAN GABRIEL,SOUTH GATE,90280,Beverage/Coffee/Tea,"coffee, pastries, bakery",Weekly coffee and pastry drops from a home kitchen in South Gate.,@corazoncoffeeandpastries,,,high,33.94076385509,-118.204699875374,"10247 SAN GABRIEL AVE, SOUTH GATE, CA, 90280",
crazy-tasty,CRAZY TASTY,2518 W 5TH ST APT 209,LOS ANGELES,90057,Other,"homemade, creative, comfort food",Home kitchen offering creative and tasty homemade dishes in LA.,@crazytastybyangela,,,medium,34.063302093736,-118.277517137969,"2518 W 5TH ST, LOS ANGELES, CA, 90057",
creole-delight-haitian,CREOLE DELIGHT HAITIAN,1215 S BRONSON AVE APT. 1,LOS ANGELES,90019,Caribbean,"haitian, creole, caribbean",Haitian Creole home kitchen serving traditional Caribbean dishes in LA.,@creole_delight_haitian_cuisine,,,high,34.049712650144,-118.324353709835,"1215 S BRONSON AVE, LOS ANGELES, CA, 90019",
cubamexico,CUBAMEXICO,8459 OTIS ST APT 201,SOUTH GATE,90280,Latin American,"cuban, mexican, fusion",Cuban-Mexican fusion home kitchen serving Latin dishes in South Gate.,,,,low,33.957694832935,-118.195870089621,"8459 OTIS ST, SOUTH GATE, CA, 90280",
cudahy-home-flavor,CUDAHY HOME FLAVOR,5230 CUDAHY ST 1/2,CUDAHY,90201,Mexican,"mexican, homemade, comfort food",Home-cooked Mexican comfort food prepared by Chef Diana Gaytan.,,https://www.cookin.com/cooks/cudahy-home-flavor,,low,,,,
da-barbara,DA BARBARA,1331 N CAHUENGA BLVD APT. L,WLOS ANGELES,90028,Pizza/Italian,"italian, fine dining, pasta",Italian home kitchen by Chef Barbara Pollastrini blending tradition and innovation.,@ristorantedabarbara,https://barbarapollastrini.com/,,medium,34.095262398994,-118.328926642252,"1331 N CAHUENGA BLVD, LOS ANGELES, CA, 90028",
daria-poddubniak,DARIA PODDUBNIAK,12021 KLING ST 404,VALLEY VILLAGE,91607,Other,"homemade, eastern european, authentic",Authentic homemade dishes from a home kitchen in Valley Village.,,,,low,34.155862436884,-118.394771338431,"12021 KLING ST, VALLEY VILLAGE, CA, 91607",
deddy-s-vibe,DEDDY'S VIBE,13336 STANFORD AVE,LOS ANGELES,90059,Other,"cafe, comfort food, vibes",Home kitchen offering flavorful comfort food in Los Angeles.,,,,low,33.910872355598,-118.262478912179,"13336 STANFORD AVE, LOS ANGELES, CA, 90059",
delicia-pura,DELICIA PURA,1136 1/2 W 89TH ST,LOS ANGELES,90044,Latin American,"latin, homemade, delicacies",Home kitchen serving Latin American delicacies in Los Angeles.,,,,low,33.956836269402,-118.294576141987,"1136 1/2 W 89TH ST, LOS ANGELES, CA, 90044",
delicias-sarita-food,DELICIAS SARITA FOOD,8020 BIRCHCRES RD B103,DOWNEY,90240,Latin American,"latin, homemade, comfort food",Home kitchen serving homemade Latin comfort food in Downey.,@delicias_sarita,,,medium,33.967216053751,-118.117678537943,"8020 BIRCHCREST RD, DOWNEY, CA, 90240",
devon-eats,DEVON EATS,1614 1/2 SCHRADER BLVD,LOS ANGELES,90028,Other,"homemade, meal prep",Home kitchen offering prepared meals and eats in Los Angeles.,,https://devoneats.com/,,high,34.100064419059,-118.332397833815,"1614 1/2 SCHRADER BLVD, LOS ANGELES, CA, 90028",
dolce-tesori,DOLCE TESORI,10205 PINEWOOD AVE 13,TUJUNGA,91042,Desserts/Sweets,"desserts, sweets, italian",Italian-inspired sweet treats and desserts from a home kitchen in Tujunga.,@dolce_tesori_lc,,,medium,34.254412880338,-118.285995108135,"10205 PINEWOOD AVE, TUJUNGA, CA, 91042",
don-t-you-dairy,DON'T YOU DAIRY,4450 W 130TH ST,HAWTHORNE,90250,Vegan/Vegetarian,"dairy-free, vegan, plant-based",Dairy-free home kitchen offering plant-based meals and fish fry options.,@dont.you.dairy,https://dontyoudairy.com/,,high,33.914487657439,-118.354368656023,"4450 W 130TH ST, HAWTHORNE, CA, 90250",
dulce-sorpresa-y-mas,DULCE SORPRESA Y MAS,3064 MARBELLA,PALMDALE,93550,Desserts/Sweets,"sweets, desserts, gifts",Home kitchen offering sweet treats and surprise dessert gifts in Palmdale.,@dulce_sorpresa_y_mas,,,high,34.570647705179,-118.073613142473,"3064 MARBELLA LN, PALMDALE, CA, 93550",
east-british-curry-compan,EAST BRITISH CURRY COMPAN,6045 WHITSETT AVE,NORTH HOLLYWOOD,91606,Indian/South Asian,"british, curry, indian",Serves British-style curry dishes from a home kitchen.,@east.british.curry.co,,,high,34.180248970061,-118.405317032934,"6045 WHITSETT AVE, NORTH HOLLYWOOD, CA, 91606",
edible-kids-art,EDIBLE KIDS ART,2819 1/4 W 42ND ST,LOS ANGELES,90008,Desserts/Sweets,"kids, edible art, treats",Creates edible art and treats designed for kids.,@ediblekidsart,https://www.ediblekidsart.com/,,high,34.007381917691,-118.324642027505,"2819 1/4 W 42ND ST, LOS ANGELES, CA, 90008",
el-patio-cafe,EL PATIO CAFE,631 W 58TH ST,LOS ANGELES,90037,Mexican,"mexican, fusion, cafe",Cafe offering authentic Mexican cuisine and fusion fare with breakfast and lunch.,,,,low,33.989768199388,-118.284606249109,"631 W 58TH ST, LOS ANGELES, CA, 90037",
erkitchen-com,ERKITCHEN.COM,5163 WINDERMERE AVE,LOS ANGELES,90041,Other,"homemade, kitchen",Home kitchen business offering prepared meals.,,,,low,34.140944120117,-118.217253796914,"5163 WINDERMERE AVE, LOS ANGELES, CA, 90041",
fat-dog-social,FAT DOG SOCIAL,4629 MONARCA AVE,TARZANA,91356,Sandwiches/Burgers,"hot dogs, comfort food",Serves hot dogs and casual comfort food from a home kitchen.,@fatdogsocial,,,high,34.154319467507,-118.560572548649,"4629 MONARCA DR, TARZANA, CA, 91356",
favor-flavor-afriq-llc,FAVOR&FLAVOR AFRIQ LLC,6211 10TH AVE UNIT 1,LOS ANGELES,90043,Nigerian/West African,"african, fusion, spices",Blends authentic African spices with Western cuisine for flavorful meals.,,,,medium,33.98369683052,-118.327978916218,"6211 10TH AVE, LOS ANGELES, CA, 90043",
fawzai-bakes,FAWZAI BAKES,4334 W 130TH ST D,HAWTHORNE,90250,Mediterranean/Middle Eastern,"afghani, kebab, biryani",Offers Afghani homemade dishes like chicken kebab and lamb biryani.,@fawzaibakes,,,high,33.914155653882,-118.350358422643,"4334 W 130TH ST, HAWTHORNE, CA, 90250",
feng-ming-delicious-inc,"FENG MING DELICIOUS, INC",20228 MCGILL DR,WALNUT,91789,Chinese,"chinese, homemade",Chinese home kitchen business based in Walnut.,,,,low,34.020563593112,-117.860566535772,"20228 MCGILL DR, WALNUT, CA, 91789",2026-08-04
flocal-kitchen,FLOCAL KITCHEN,711 39TH 2,SAN PEDRO,90731,Other,"local, kitchen, homemade",Home kitchen offering locally inspired prepared meals.,,,,low,33.708690889097,-118.291973274447,"711 W 39TH ST, SAN PEDRO, CA, 90731",
francesca-mallus-chef,FRANCESCA MALLUS CHEF,4105 W 184TH ST,TORRANCE,90504,Catering/Events,"chef, private dining, catering",Private chef offering at-home dining experiences and catering in Torrance.,@chef_francescamallus,,,high,33.864156903367,-118.345882482436,"4105 184TH ST, TORRANCE, CA, 90504",
free-to-chat-fizzy,FREE TO CHAT FIZZY,4109 SAN RAFAEL AVE,LOS ANGELES,90065,Beverage/Coffee/Tea,"beverages, fizzy, healthy",Serves healthy beverages and fizzy drinks with diverse menu options.,,,,low,34.107003346693,-118.21365699241,"4109 SAN RAFAEL AVE, LOS ANGELES, CA, 90065",
frenican-bakes,FRENICAN BAKES,14500 VAN NUYS BLVD # 41,LOS ANGELES,91402,Bakery,"organic, sugar-free, cookies",All-organic sugar-free premium bakery specializing in superfood cookies.,@frenicanbakes,https://www.frenicanbakes.com,,high,,,,
fresh-fruit-by-ruth,FRESH FRUIT BY RUTH,5951 CARMELITA AVE APT 25,HUNTINGTON PARK,90255,Other,"fresh fruit, snacks, healthy",Sells fresh fruit and healthy snack options in Huntington Park.,@freshfruitbyruth,,,medium,33.987152772442,-118.196788755714,"5951 CARMELITA AVE, HUNTINGTON PARK, CA, 90255",
fried-taco-co,FRIED TACO CO,4812 GARRICK AVE,PICO RIVERA,90660,Mexican,"tacos, fried, chilaquiles",Specializes in fried tacos and chilaquiles in Pico Rivera.,,,,low,34.006638814244,-118.089176546861,"4812 GARRICK AVE, PICO RIVERA, CA, 90660",
frizzles,FRIZZLES,4418 7TH AVE,LOS ANGELES,90043,Other,"snacks, homemade",Home kitchen business offering homemade food in Los Angeles.,,,,low,34.003252176221,-118.324584398485,"4418 7TH AVE, LOS ANGELES, CA, 90043",
full-tilt-bbq,FULL TILT BBQ,24246 HIGHLANDER RD,WEST HILLS,91307,BBQ,"bbq, american, smoked meat",Serves American-style BBQ and smoked meats from a home kitchen.,,,,low,34.196845355322,-118.653274622378,"24246 HIGHLANDER RD, WEST HILLS, CA, 91307",
fundacion-sonrias-latinas,FUNDACION SONRIAS LATINAS,13736 COMMUNITY ST,PANORAMA CITY,91402,Latin American,"latin, community, homemade",Latin-inspired home kitchen operated by a Latina community organization.,,,,low,34.22265077227,-118.432243597162,"13736 COMMUNITY ST, PANORAMA CITY, CA, 91402",
gamma-tamales,GAMMA TAMALES,15733 CALLE EL CAPITAN,GREEN VALLEY,91390,Mexican,"tamales, mexican, homemade",Specializes in homemade traditional Mexican tamales.,,,,low,34.618304954547,-118.406839918404,"15733 CLL EL CAPITAN, GREEN VALLEY, CA, 91390",
gancia-s-craft-kitchen,GANCIA'S CRAFT KITCHEN,3114 LOWELL AVE,LOS ANGELES,90032,Other,"craft, homemade, artisan",Artisan craft kitchen offering homemade prepared meals.,@ganciascraftkitchen,https://www.ganciascraftkitchen.com/,,high,34.081310930909,-118.16229726238,"3114 LOWELL AVE, LOS ANGELES, CA, 90032",
garden-of-edendale,GARDEN OF EDENDALE,2333 AVON ST,LOS ANGELES,90026,Vegan/Vegetarian,"garden, fresh, healthy",Offers fresh garden-inspired meals in Los Angeles.,@lovehoneygarden,,,medium,34.091937117055,-118.245336651601,"2333 AVON ST, LOS ANGELES, CA, 90026",
geras-kocina,GERAS_KOCINA,10821 COLYER AVE,LYNWOOD,90262,Mexican,"mexican, burritos, guisado",Serves burritos de guisado and traditional Mexican homemade dishes.,@geras_kocina,,,high,33.933730175453,-118.190938474287,"10821 COLYER AVE, LYNWOOD, CA, 90262",
gertie-s-sweet-delights,GERTIE'S SWEET DELIGHTS,1218 LYMAN AVE,GLENDORA,91740,Desserts/Sweets,"desserts, sweets, gluten-free",Creates sweet desserts including gluten-free treats and mascarpone delights.,,,,low,34.11658187447,-117.850182765735,"1218 LYMAN AVE, GLENDORA, CA, 91740",
gezhong-geyang-de-tiandia,GEZHONG GEYANG DE TIANDIA,3920 REDONDO BEACH BLVD 30,TORRANCE,90504,Chinese,"chinese, desserts, sweets",Offers Chinese sweets and desserts from a home kitchen in Torrance.,,,,low,33.877881030402,-118.341819504707,"3920 REDONDO BEACH BLVD, TORRANCE, CA, 90504",
gm-coffee-co,GM COFFEE CO,4743 MCNAB AVE,LAKEWOOD,90713,Beverage/Coffee/Tea,"coffee, beverages",Home-based coffee company serving specialty coffee drinks.,@gmcoffeeco,https://gmcoffeeco.com/,,high,33.843996506092,-118.112278349591,"4743 MCNAB AVE, LAKEWOOD, CA, 90713",
golden-gastronome,GOLDEN GASTRONOME,16923 LABRADOR ST,NORTHRIDGE,91343,Other,"gourmet, homemade",Gourmet home kitchen offering refined prepared meals in Northridge.,,,,low,34.249408432736,-118.50070713358,"16923 LABRADOR ST, NORTHRIDGE, CA, 91343",
gorditas-laguneras,GORDITAS LAGUNERAS,7655 MARSH AVE,ROSEMEAD,91770,Mexican,"gorditas, mexican, traditional",Serves traditional Mexican gorditas and discada from a home kitchen.,,,,low,34.050952366208,-118.101497628412,"7655 MARSH AVE, ROSEMEAD, CA, 91770",
gpc,GPC,19726 LASSEN ST,CHATSWORTH,91311,Other,"homemade, kitchen",Home kitchen business in Chatsworth offering prepared food.,,,,low,34.249941844857,-118.562941218414,"19726 LASSEN ST, CHATSWORTH, CA, 91311",
granada,GRANADA,1451 CARROLL AVE,LOS ANGELES,90026,Beverage/Coffee/Tea,"middle eastern, mediterranean, hummus","Granada is a viral, home-based coffee shop and community gathering space located inside a private residence on historic Carroll Avenue in the Angelino Heights neighborhood of Echo Park.",@granada_echopark,https://www.granada-la.com,,high,34.070161226677,-118.255959782661,"1451 CARROLL AVE, LOS ANGELES, CA, 90026",
guille-s-kitchen,GUILLE'S KITCHEN,11357 E AVE T,LITTLEROCK,93543,Mexican,"mexican, homemade",Home kitchen serving homemade Mexican food in Littlerock.,,,,low,34.542872990483,-117.924445293843,"11357 E AVE T, LITTLEROCK, CA, 93543",
guojie-jia-wei-xuan,GUOJIE JIA WEI XUAN,1838 S CHAPEL AVE,ALHAMBRA,91801,Chinese,"chinese, homemade, home-style",Offers traditional Chinese home-style cooking from a kitchen in Alhambra.,,,,low,34.07367066183,-118.119616496583,"1838 S CHAPEL AVE, ALHAMBRA, CA, 91801",
hampy-bread,HAMPY BREAD,1414 W 81ST ST,LOS ANGELES,90047,Bakery,"bread, baked goods",Home bakery specializing in handmade bread products.,,,,low,33.965432375493,-118.300610101881,"1414 W 81ST ST, LOS ANGELES, CA, 90047",
happy-couple-kitchen,HAPPY COUPLE KITCHEN,3419 TAMARISK DR,PALMDALE,93551,Comfort Food/Soul Food,"homestyle, comfort food",Home kitchen offering homestyle comfort food in Palmdale.,,https://happycouplekitchen.com/,,medium,34.617752435463,-118.191164981321,"3419 TAMARISK DR, PALMDALE, CA, 93551",
happy-return-dumplings-an,HAPPY RETURN DUMPLINGS AN,70 2 MUSTANG CIR,WALNUT,91789,Chinese,"chinese, dumplings, handmade",Handmade Chinese dumplings prepared from a home kitchen in Walnut.,,,,low,,,,
hefan-home-kitchen,HEFAN HOME KITCHEN,629 E 219TH ST 6,CARSON,90745,Chinese,"chinese, home cooking",Home kitchen serving Chinese home-cooked meals in Carson.,,,,low,33.828811465639,-118.264927553423,"629 E 219TH ST, CARSON, CA, 90745",
hevn-rth-purpose-kchn,HEVN & RTH PURPOSE KCHN,3212 LA CIENEGA AVE # 1,LOS ANGELES,90034,Vegan/Vegetarian,"meal prep, juices, healthy",Purpose-driven kitchen offering pre-order meals and fresh juices.,@hevnrthpk,https://www.herpurposekchn.com/,,high,34.031958363085,-118.378586787098,"3212 LA CIENEGA AVE, LOS ANGELES, CA, 90034",
hibiscus-watermelon,HIBISCUS & WATERMELON,550 N FIGUEROA ST # 4015,LOS ANGELES,90012,Comfort Food/Soul Food,"juneteenth, soul food, bbq","Soul food inspired by Juneteenth traditions with watermelon, barbecue, and red dishes.",,,,low,34.06216223781,-118.246508067118,"550 N FIGUEROA ST, LOS ANGELES, CA, 90012",
hollywood-nosh,HOLLYWOOD NOSH,3295 CARSE DR,LOS ANGELES,90068,Other,"eclectic, los angeles",Eclectic Los Angeles home kitchen offering diverse prepared foods.,@hollywoodnosh,https://www.hollywoodnosh.com/,,high,34.12641806809,-118.350205283621,"3295 CARSE DR, LOS ANGELES, CA, 90068",
home-kitchen,HOME KITCHEN,1909 E CALICO DR,WEST COVINA,91797,Comfort Food/Soul Food,"homemade, comfort food",Affordable homemade comfort food from a West Covina home kitchen.,,,,low,34.045371317313,-117.90512965089,"1909 E CALICO DR, WEST COVINA, CA, 91791",
home-table,HOME TABLE,1803 CARVIN AVE,ROWLAND HEIGHTS,91748,Other,"homestyle, rowland heights",Home-cooked meals served from a Rowland Heights kitchen.,,,,low,33.985219940145,-117.88329785606,"1803 CARVIN AVE, ROWLAND HEIGHTS, CA, 91748",
homecooked-by-kp,HOMECOOKED BY KP,9506 METRO ST,DOWNEY,90240,Comfort Food/Soul Food,"homemade, comfort food, traditional",Flavorful homemade comfort food prepared with care and tradition.,,,,low,33.950757590882,-118.10074299309,"9506 METRO ST, DOWNEY, CA, 90240",
homestyle-bites,HOMESTYLE BITES,647 W 10TH ST,AZUSA,91702,Japanese/Korean,"homestyle, japanese, comfort food",Homestyle bites inspired by Japanese comfort food like Nikujaga.,,,,low,34.139122411386,-117.914464958065,"647 W 10TH ST, AZUSA, CA, 91702",
hui-s-exquisitely-hand-mad,HUI'S EXQUISITELY HAND MAD,4316 ARDEN DR,EL MONTE,91731,Chinese,"handmade, chinese, noodles",Exquisitely handmade Chinese noodles or dumplings from El Monte.,,,,low,34.084326089671,-118.044326087791,"4316 ARDEN DR, EL MONTE, CA, 91731",
ibing-bing,IBING BING,2451 HILLMAN,ROWLAND HEIGHTS,91748,Chinese,"chinese, rice noodles, luosifen",Chinese rice noodles and Guangxi-style dishes from Rowland Heights.,,,,low,33.972359465143,-117.883377579138,"2451 HILLMAN LN, ROWLAND HEIGHTS, CA, 91748",
j-tan-home-kitchen,J TAN HOME KITCHEN,214 N MOORE AVE,MONTEREY PARK,91754,Chinese,"chinese, asian, home cooking",Asian home kitchen serving Chinese-inspired dishes in Monterey Park.,,,,low,34.063901948514,-118.130535474211,"214 N MOORE AVE, MONTEREY PARK, CA, 91754",
jackrabbit-s-lair,JACKRABBIT'S LAIR,4963 SIERRA VILLA DR,LOS ANGELES,90041,Catering/Events,"pop-up, dinner events, eclectic",Pop-up dinner events and catering from a Los Angeles home kitchen.,@the_jackrabbits_lair,,,high,34.138983119508,-118.222907132028,"4963 SIERRA VILLA DR, LOS ANGELES, CA, 90041",
jajah-omah,JAJAH OMAH,209 S REEVES DR 7,BEVERLY HILLS,90212,Bakery,"indonesian, pandan, cake",Indonesian-inspired bakery known for pandan chiffon cake and treats.,,,,low,34.064712090982,-118.398040490578,"209 REEVES DR, BEVERLY HILLS, CA, 90212",
janet-s-home-cooking,JANET'S HOME COOKING,433 S DOHENY DR APT B,BEVERLY HILLS,90211,Comfort Food/Soul Food,"home cooking, comfort food",Homestyle cooking and comfort meals from a Beverly Hills kitchen.,@janet_home_cooking,,,medium,34.058077806335,-118.389879172169,"433 S DOHENY DR, BEVERLY HILLS, CA, 90211",
janzen-s-hillside-table,JANZEN'S HILLSIDE TABLE,30980 HASLEY CANYON RD,CASTAIC,91384,Other,"homestyle, hillside",Hillside home kitchen serving homestyle meals in Castaic.,,,,low,34.47406113378,-118.672877833004,"30980 HASLEY CANYON RD, CASTAIC, CA, 91384",
jdawgz-eatz-llc,JDAWGZ EATZ LLC,14410 ARANZA DR,LA MIRADA,90638,Comfort Food/Soul Food,"soul food, comfort food",Soul food kitchen serving comfort meals in La Mirada.,@jdawgz_eatz,,,high,33.901614371211,-117.999763155015,"14410 ARANZA DR, LA MIRADA, CA, 90638",
jennifer-silbert,JENNIFER SILBERT,1148 S VICTORIA AVE,LOS ANGELES,90019,Other,"eclectic, los angeles",Creative home kitchen offering eclectic dishes in Los Angeles.,@jensilbert,,,medium,34.05186856435,-118.325843180675,"1148 S VICTORIA AVE, LOS ANGELES, CA, 90019",
jero-s-antojitos-mexicanos,JERO'S ANTOJITOS MEXICANOS,521 W 118TH ST,LOS ANGELES,90044,Mexican,"mexican, antojitos, street food",Traditional Mexican antojitos and street food in Los Angeles.,,,,low,33.926207377319,-118.283615416712,"521 W 118TH ST, LOS ANGELES, CA, 90044",
jp-bbq-inc,JP BBQ INC,783 GATUN ST UNIT 516,SAN PEDRO,90731,BBQ,"bbq, smoked meats",BBQ home kitchen specializing in smoked and grilled meats.,@jpbbq,https://www.jp-bbq.com,,high,33.757686883853,-118.295700561587,"783 GATUN ST, SAN PEDRO, CA, 90731",
jus-brisket,JUS BRISKET,18924 CITRONA ST,NORTHRIDGE,91324,BBQ,"brisket, bbq, smoked",Juicy smoked brisket with 20 years of cooking expertise.,@jusbrisketllc,https://jusbrisket.com/,,high,34.245477844343,-118.545556191361,"18924 CITRONIA ST, NORTHRIDGE, CA, 91324",
kafou-alkaline-foods,KAFOU ALKALINE FOODS,2647 HALLDALE AVE # 112,LOS ANGELES,90018,Vegan/Vegetarian,"alkaline, plant-based, healthy",Alkaline and plant-based food offerings in Los Angeles.,,,,low,34.031855613054,-118.302856700038,"2647 HALLDALE AVE, LOS ANGELES, CA, 90018",
karak-corner,KARAK CORNER,9745 PASO ROBLES,NORTHRIDGE,91325,Beverage/Coffee/Tea,"karak, chai, tea",Karak chai and specialty tea beverages from Northridge.,,,,low,34.247775795875,-118.503964909824,"9745 PASO ROBLES AVE, NORTHRIDGE, CA, 91325",
kdc-hospitality-group-llc,KDC HOSPITALITY GROUP LLC,4239 VIA ARBOLADA,LOS ANGELES,90042,Catering/Events,"hospitality, catering",Hospitality group offering catered food services in Los Angeles.,,,,low,34.095828359291,-118.188025572605,"4239 VIA ARBOLADA, LOS ANGELES, CA, 90042",
kerala,KERALA,15212 FAYSMITH AVE,GARDENA,90249,Indian/South Asian,"indian, kerala, south indian",South Indian Kerala-style cuisine served from a Gardena home kitchen.,,,,low,33.893628622689,-118.331448960231,"15212 S FAYSMITH AVE, GARDENA, CA, 90249",
keren-504-fruits,KEREN 504 FRUITS,3929 E 1ST ST UNIT 1203,LOS ANGELES,90063,Beverage/Coffee/Tea,"fresh fruit, fruit cups, beverages",Fresh fruit cups and fruit-based beverages in Los Angeles.,@kerens504freshfruits,,,high,34.035886957394,-118.181548453845,"3929 E 1ST ST, LOS ANGELES, CA, 90063",
kindred-toffee-x-gsoul-min,KINDRED TOFFEE X GSOUL MIN,6 10 S MAIN ST APT 236,LOS ANGELES,90014,Desserts/Sweets,"toffee, sweets, confections",Artisan toffee and sweet confections from a Los Angeles kitchen.,@kindredtoffee,https://www.kindredtoffee.com/,,high,,,,
krishnaveni-bholanath,KRISHNAVENI BHOLANATH,333 S CATALINA ST APT 125,LOS ANGELES,90020,Indian/South Asian,"indian, jamaican, fusion",Indian-Jamaican fusion cuisine from a regenerative zero-waste home kitchen.,@krishnab024,https://krishnavenibholanath.crevado.com,,medium,34.068469527262,-118.295479447164,"333 S CATALINA ST, LOS ANGELES, CA, 90020",
krybaby-cakes-cards,KRYBABY CAKES & CARDS,228 W POMONA AVE UNIT 522,MONROVIA,91016,Bakery,"cakes, bakery, custom",Home bakery offering custom cakes and greeting cards.,@krybabycakes,,,high,34.134181142399,-118.003422052609,"228 W POMONA AVE, MONROVIA, CA, 91016",
la-belle-baguette,LA BELLE BAGUETTE,25402 VIA NOVIA,VALENCIA,91355,Sandwiches/Burgers,"french, baguette, sandwiches",French-style baguette sandwiches made with fresh local ingredients.,,,,low,34.386862633312,-118.5503071268,"25402 VIA NOVIA, VALENCIA, CA, 91355",
la-la-happy-kitchen,LA LA HAPPY KITCHEN,2636 MARYBETH AVE,SOUTH EL MONTE,91733,Other,"asian, home kitchen",Home kitchen in South El Monte offering Asian-inspired dishes.,,,,low,34.059523824601,-118.062075887785,"2636 MARYBETH AVE, SOUTH EL MONTE, CA, 91733",
la-shunxing,LA SHUNXING,21023 NORTHVIEW DR,NORTHVIEW,91789,Chinese,"chinese, homestyle",Chinese homestyle cooking likely specializing in Shunxing regional dishes.,,,,low,34.024806802075,-117.845100528163,"21023 NORTHVIEW DR, WALNUT, CA, 91789",
la-sinaloense-cabeza-de-re,LA SINALOENSE CABEZA DE RE,1014 4TH ST,POMONA,91766,Mexican,"mexican, sinaloan, cabeza",Sinaloan-style Mexican food specializing in cabeza de res tacos.,,,,low,,,,
lakay-flavors,LAKAY FLAVORS,4016 SANTO TOMAS DR APT B,LOS ANGELES,90008,Caribbean,"haitian, caribbean, ice cream",Haitian-inspired tropical flavors and Caribbean food offerings.,,https://lakayflavors.com,,medium,34.009378784302,-118.343974408441,"4016 SANTO TOMAS DR, LOS ANGELES, CA, 90008",
lamb-house-grill,LAMB HOUSE GRILL,38939 DEER RUN RD,PALMDALE,93551,Mediterranean/Middle Eastern,"lamb, grill, mediterranean","Mediterranean-style grilled lamb, chicken, and beef with pita and sides.",@lambhousegrill,https://www.lambhousegrill.com,,high,34.589503860372,-118.157808419532,"38939 DEER RUN RD, PALMDALE, CA, 93551",
las-changas,LAS CHANGAS,14154 RAVEN ST,SYLMAR,91342,Mexican,"mexican, weekend, authentic",Authentic Mexican food served on weekends until sold out.,@las_changas_official,,,high,34.304902379297,-118.441223684046,"14154 RAVEN ST, SYLMAR, CA, 91342",
lasagne-di-catania,LASAGNE DI CATANIA,2010 RIDGEVIEW AVE,LOS ANGELES,90041,Pizza/Italian,"italian, lasagna, sicilian","Italian lasagna inspired by Catania, Sicily traditions.",,,,low,34.130149524553,-118.212073528856,"2010 RIDGEVIEW AVE, LOS ANGELES, CA, 90041",
layered-ice-cream-pies,LAYERED ICE CREAM PIES,653 MORENO AVE,LOS ANGELES,90049,Desserts/Sweets,"ice cream, pie, desserts",Layered ice cream pies in creative and classic flavors.,@layeredicecreampies,,,high,34.04406683948,-118.48515164013,"653 MORENO AVE, LOS ANGELES, CA, 90049",
lemme-smash-burger,LEMME SMASH BURGER,731 S DETROIT AVE 206,LOS ANGELES,90036,Sandwiches/Burgers,"smash burgers, burgers",Smash-style burgers made from a home kitchen in Los Angeles.,@lemmesmashburger_la,,,high,34.061364198934,-118.345540026243,"731 S DETROIT ST, LOS ANGELES, CA, 90036",
leza,LEZA,20842 TIARA ST,WOODLAND HILLS,91367,Mediterranean/Middle Eastern,"mediterranean, catering, pastry","California-fresh Mediterranean food, pastries, and event catering.",,https://www.lizamichellelifestyle.com/delivery-food-cafe-leza,,medium,34.17634333233,-118.585500487025,"20842 TIARA ST, WOODLAND HILLS, CA, 91367",
liangpi-house,LIANGPI HOUSE,5616 CLOVERLY AVE,TEMPLE CITY,91780,Chinese,"chinese, liangpi, noodles",Chinese cold skin noodles (liangpi) and traditional street food.,,,,low,34.1016118872,-118.062708206174,"5616 CLOVERLY AVE, TEMPLE CITY, CA, 91780",
little-city-farm,LITTLE CITY FARM,1156 S VICTORIA AVE,LOS ANGELES,90019,Vegan/Vegetarian,"organic, farm, sustainable","Organic urban farm offering sustainable, zero-waste food and recipes.",,,,low,34.051607446522,-118.325986546475,"1156 S VICTORIA AVE, LOS ANGELES, CA, 90019",
litucho-s-grill,LITUCHO'S GRILL,1515 N MYERS ST,BURBANK,91506,Latin American,"grill, latin, plates",Latin American-inspired grilled plates and home-cooked meals.,,https://lituchosgrill.com/,,high,34.186644027346,-118.334649876468,"1515 N MYERS ST, BURBANK, CA, 91506",
liv-s-lumpias,LIV'S LUMPIAS,729 W PALM DR,PALM,91722,Filipino,"filipino, lumpia, spring rolls",Filipino lumpia (spring rolls) made fresh from a home kitchen.,,https://livslumpias.com/,,medium,34.088689074245,-117.903985326538,"729 W PALM DR, COVINA, CA, 91722",
lomo-fuego-peruvian-food,LOMO FUEGO-PERUVIAN FOOD,5612 LORELEI AVE,LAKEWOOD,90712,Latin American,"peruvian, lomo saltado, fuego",Peruvian food featuring lomo saltado and other traditional dishes.,@lomo_fuego,,,high,33.857685671871,-118.128906934397,"5612 LORELEI AVE, LAKEWOOD, CA, 90712",
long-style,LONG' STYLE,7424 COLUMBIA ST,ROSEMEAD,91770,Chinese,"chinese, homestyle",Chinese homestyle cooking from a Rosemead home kitchen.,,,,low,34.071045787482,-118.107062748305,"7424 COLUMBIA ST, ROSEMEAD, CA, 91770",
losnooyado,LOSNOOYADO,11717 HATTERAS ST,LOS ANGELES,91607,Japanese/Korean,"japanese, soba, wagashi",Handmade soba noodles and wagashi Japanese sweets from a home kitchen.,@losnooyado,,,medium,34.175833434345,-118.388603258052,"11717 HATTERAS ST, VALLEY VILLAGE, CA, 91607",
lucky-s-place,LUCKY'S PLACE,4777 137TH PL 8,HAWTHORNE,90250,Sandwiches/Burgers,"burgers, american, gourmet",Gourmet burgers and all-American classic comfort food.,,,,low,33.907027994234,-118.360753707912,"4777 137TH PL, HAWTHORNE, CA, 90250",
luscious-tierra,LUSCIOUS TIERRA,3983 HILLCREST DR 2,LOS ANGELES,90008,Other,"homestyle, home kitchen",Home kitchen business in Los Angeles offering homestyle meals.,@luscioustierra,,,high,34.014189515115,-118.346126314629,"3983 HILLCREST DR, LOS ANGELES, CA, 90008",
luvmi-charcuterie,LUVMI CHARCUTERIE,8712 S 8TH AVE,INGLEWOOD,90305,Charcuterie/Boards,"charcuterie, boards, grazing",Custom charcuterie and grazing boards for events and gatherings.,@luvmi.charcuterie,https://luvmicharcuterie.com,,high,33.958671248592,-118.325316684994,"8712 S 8TH AVE, INGLEWOOD, CA, 90305",
ma-s-oasis,MA'S OASIS,3225 CHICO AVE,EL MONTE,91733,Comfort Food/Soul Food,"comfort food, home cooking",Home kitchen serving comforting homemade meals in El Monte.,,https://www.masoasis.com,,high,34.066803048748,-118.060178519527,"3225 CHICO AVE, EL MONTE, CA, 91733",
mam-s-kitchen,MAM'S KITCHEN,505 S LAKE ST,BURBANK,91502,Other,"homestyle, home kitchen",Home kitchen offering homestyle family meals in Burbank.,@mam_s_kitchen,,,medium,34.172556090989,-118.310341047204,"505 S LAKE ST, BURBANK, CA, 91502",
mama-chila,MAMA CHILA,8200 HOOPER AVE,LOS ANGELES,90001,Mexican,"mexican, homestyle",Homestyle Mexican cooking inspired by traditional family recipes.,,,,low,33.964555895514,-118.252355884849,"8200 HOOPER AVE, LOS ANGELES, CA, 90001",
mama-glendas,MAMA GLENDAS,1013 W MYRRH ST,COMPTON,90220,Comfort Food/Soul Food,"comfort food, homestyle",Homestyle comfort cooking from a Compton home kitchen.,,,,medium,33.892043800358,-118.241828744479,"1013 W MYRRH ST, COMPTON, CA, 90220",
mama-s-cooking,MAMA'S COOKING,855 S CITRUS AVE 45,AZUSA,91702,Comfort Food/Soul Food,"homestyle, comfort food, cooked meats",Homestyle comfort cooking with hearty cooked meats and classic dishes.,,,,low,34.107437188382,-117.89031906656,"855 S CITRUS AVE, AZUSA, CA, 91702",
mamma-nicole-s-garden-goo,MAMMA NICOLE'S GARDEN GOO,4237 W AVENUE 40,LOS ANGELES,90065,Vegan/Vegetarian,"garden, organic, healthy",Garden-fresh healthy goods and wholesome homemade food.,,,,low,34.128099773282,-118.231371593502,"4237 W AVE 40, LOS ANGELES, CA, 90065",
manfu-snack,MANFU SNACK,17934 CALLE LOS ARBOLES APT,ROWLAND HEIGHTS,91748,Chinese,"chinese, snacks, street food",Chinese snacks and street food from a Rowland Heights home kitchen.,,,,low,33.984867099106,-117.914541120084,"17934 CLL LOS ARBOLES, ROWLAND HEIGHTS, CA, 91748",
mangia-at-home-llc,MANGIA AT HOME LLC,3875 HAMPSTEAD RD,LA CANADA FLINTRIDGE,91011,Pizza/Italian,"italian, homemade, mangia",Italian homemade meals and dishes for at-home dining.,,,,low,34.186453243874,-118.200011254839,"3875 HAMPSTEAD RD, LA CANADA FLINTRIDGE, CA, 91011",
mannge-chix,MANNGE CHIX,7306 BONNIE PL,RESEDA,91335,Other,"chicken, home kitchen",Home kitchen specializing in chicken dishes in Reseda.,@manngechix,,,high,34.203213063468,-118.555190471297,"7306 BONNIE PL, RESEDA, CA, 91335",
mardirosian-production-in,MARDIROSIAN PRODUCTION IN,1681 SANTA BARBARA AVE,GLENDALE,91208,Other,"armenian, home kitchen, glendale",Armenian home kitchen food production based in Glendale.,,,,low,34.188533728535,-118.229838538164,"1681 SANTA BARBARA AVE, GLENDALE, CA, 91208",
maria-and-claudio-jimenez,MARIA AND CLAUDIO JIMENEZ,5248 COMERCIO AVE,WOODLAND HILLS,91364,Mexican,"mexican, home cooking",Mexican home-cooked meals prepared in Woodland Hills.,,,,low,34.165075199741,-118.595664599591,"5248 COMERCIO AVE, WOODLAND HILLS, CA, 91364",
marjan-cookery,MARJAN COOKERY,5525 CANOGA AVE UNIT 103,WOODLAND HILLS,91367,Mediterranean/Middle Eastern,"persian, cookery, home kitchen",Persian home cookery serving homemade meals in Woodland Hills.,@marjancookery,,,high,34.170999543652,-118.597500503169,"5525 CANOGA AVE, WOODLAND HILLS, CA, 91367",
martha-s-tacos-and-mexica,MARTHA'S TACOS AND MEXICA,1 429 W 47TH ST,LOS ANGELES,90062,Mexican,"mexican, tacos",Mexican home kitchen specializing in tacos and traditional Mexican food.,,,,low,34.001104651874,-118.281862338913,"429 W 47TH ST, LOS ANGELES, CA, 90037",
masterpiece-kitchen,MASTERPIECE KITCHEN,8730 E GREENWOD AVE,SAN GABRIEL,91775,Other,"american, eclectic, restaurant",Home kitchen offering creative prepared meals in San Gabriel.,,,,low,34.123309662816,-118.078577222109,"8730 E GREENWOOD AVE, SAN GABRIEL, CA, 91775",
mauritian-street-food,MAURITIAN STREET FOOD,14349 FRIAR ST UNIT 205,VAN NUYS,91401,Other,"mauritian, street food, multicultural",Traditional Mauritian street food including dholl puri and boulettes.,,https://www.mauritianstreetfood.com,,medium,34.185733436509,-118.445418661188,"14349 FRIAR ST, VAN NUYS, CA, 91401",
meat-district,MEAT DISTRICT,1487 W 29TH ST,LOS ANGELES,90007,BBQ,"meat, cured meats, charcuterie",Specialty meat and cured meat products based in Los Angeles.,@eatmeatdistrict,,,medium,34.028719445157,-118.294296372817,"1487 W 29TH ST, LOS ANGELES, CA, 90007",
mediterranean-home-kitch,MEDITERRANEAN HOME KITCH,719 S JUANITA AVE,REDONDO BEACH,90277,Mediterranean/Middle Eastern,"mediterranean, home kitchen",Mediterranean home kitchen serving homemade dishes in Redondo Beach.,,,,low,33.832298246001,-118.379797111128,"719 S JUANITA AVE, REDONDO BEACH, CA, 90277",
mehko-kitchen,MEHKO KITCHEN,501 E 99TH ST UNIT 5,INGLEWOOD,90301,Other,"meals, snacks, fruit","Home kitchen offering personalized meals, snacks, and fruit packages in Inglewood.",,https://mehkokitchen.org/,,medium,33.946729704753,-118.349073035545,"501 E 99TH ST, INGLEWOOD, CA, 90301",
mei-lin-s-kitchen,MEI LIN'S KITCHEN,1609 CLAY HILL AVE,HACIENDA HEIGHTS,91745,Chinese,"chinese, home cooking",Chinese home kitchen serving homemade dishes in Hacienda Heights.,,,,low,33.995934391419,-117.943925608455,"1609 CLAYHILL AVE, HACIENDA HEIGHTS, CA, 91745",
mexiq,MEXIQ,27809 BRIDLEWOOD DR,CASTAIC,91384,Mexican,"mexican, fusion",Mexican cuisine home kitchen based in Castaic.,,,,low,34.46243841661,-118.620453594304,"27809 BRIDLEWOOD DR, CASTAIC, CA, 91384",
mi-ri-yvonne,MI-RI YVONNE,15144 BURBANK BLVD APT 101,SHERMAN OAKS,91411,Japanese/Korean,"korean, home cooking",Korean home kitchen serving homemade dishes in Sherman Oaks.,,,,low,34.172053768455,-118.462812066779,"15144 BURBANK BLVD, SHERMAN OAKS, CA, 91411",
michis-lemonade-companyl,MICHIS LEMONADE COMPANYL,11533 TINA ST,NORWALK,90650,Beverage/Coffee/Tea,"lemonade, beverages",Lemonade company offering fresh handmade lemonade beverages in Norwalk.,@michislemonade,,,high,33.925991538413,-118.087890283668,"11533 TINA ST, NORWALK, CA, 90650",
mideast-eats,MIDEAST EATS,9618 GRAPE ST,LOS ANGELES,90002,Mediterranean/Middle Eastern,"palestinian, halal, vegan",Authentic Palestinian cuisine with halal and vegan options in Watts.,,https://www.mideasteats.com/,,high,33.949169056495,-118.236225233843,"9618 GRAPE ST, LOS ANGELES, CA, 90002",
milkshake,MILKSHAKE,4647 DON MIGUEL DR,LOS ANGELES,90008,Beverage/Coffee/Tea,"milkshakes, beverages",Home kitchen specializing in milkshakes in Los Angeles.,,,,low,34.004737615872,-118.356822872075,"4647 DON MIGUEL DR, LOS ANGELES, CA, 90008",
minon-cake,MINON CAKE,18035 VIA AMOROSA,ROWLAND HEIGHTS,91748,Bakery,"cakes, asian bakery, durian",Specialty cake shop offering creative Asian-style cakes in Rowland Heights.,,,,low,33.987328428171,-117.911297776093,"18035 VIA AMOROSA, ROWLAND HEIGHTS, CA, 91748",
misti-s-house-peruvian-sty,MISTI'S HOUSE (PERUVIAN STY,15928 VANOWEN STRA 111,VAN NUYS,91406,Latin American,"peruvian, home cooking",Peruvian-style home kitchen serving traditional dishes in Van Nuys.,,,,low,34.193851153068,-118.47993917434,"15928 VANOWEN ST, VAN NUYS, CA, 91406",
montero-yogurt,MONTERO YOGURT,2704 1/2 HUMBERT AVE,SOUTH EL MONTE,91733,Desserts/Sweets,"yogurt, desserts",Yogurt-based desserts and treats from South El Monte.,,,,low,34.061381756648,-118.057781936185,"2704 1/2 HUMBERT AVE, SOUTH EL MONTE, CA, 91733",
mr-ryong-s-artist-s-rice,MR RYONG'S ARTIST'S RICE,709 S KINGSLEY DR,LOS ANGELES,90005,Japanese/Korean,"korean, rice bowls",Korean-inspired artisan rice dishes served in Los Angeles.,,,,low,34.059498688506,-118.303148013764,"709 S KINGSLEY DR, LOS ANGELES, CA, 90005",
my-kuzna,MY KUZNA,2176 EL DORADO ST,TORRANCE,90501,Filipino,"filipino, caviteño, home cooking",Authentic Caviteño Filipino dishes bringing back flavors from home.,@mykuzna,,,medium,33.834414501072,-118.321320713011,"2176 EL DORADO ST, TORRANCE, CA, 90501",
n-diet,N. DIET,7847 MAMMOTH AVE,PANORAMA CITY,91402,Other,"diet, healthy, meal prep",Health-focused diet meal preparation service in Panorama City.,@n.diet___,,,medium,34.213880003695,-118.432060553348,"7847 MAMMOTH AVE, PANORAMA CITY, CA, 91402",
napo-pizza-llc,"NAPO PIZZA, LLC",16854 KINZIE ST,NORTHRIDGE,91343,Pizza/Italian,pizza,Home kitchen pizza operation based in Northridge.,@napo_pizza_,https://www.napopizzala.com,,high,34.248533492976,-118.499261611831,"16854 KINZIE ST, NORTHRIDGE, CA, 91343",
nawal,NAWAL,838 SOLANO AVE,LOS ANGELES,90012,Mediterranean/Middle Eastern,"syrian, circassian, middle eastern",Syrian cooking through a Circassian lens served at pop-ups in LA.,,,,low,34.078458321829,-118.234893868348,"838 SOLANO AVE, LOS ANGELES, CA, 90012",
neighborhood-coffee,NEIGHBORHOOD COFFEE,2748 S RIMPAU BLVD,LOS ANGELES,90016,Beverage/Coffee/Tea,"coffee, espresso, cold brew","Specialty coffee shop offering espresso, pour overs, and cold brew.",,,,low,34.030117825322,-118.348923615729,"2748 S RIMPAU BLVD, LOS ANGELES, CA, 90016",
nia-s-table,NIA'S TABLE,8820 SEPULVEDA EASTWAY APT,LOS ANGELES,90044,Other,"home cooking, meals",Home kitchen serving prepared meals and catering in Los Angeles.,,,,low,33.956941199757,-118.394661193469,"8820 SEPULVEDA EASTWAY, LOS ANGELES, CA, 90045",
nicolasa-s-kitchen,NICOLASA'S KITCHEN,620 23RD ST,LOS ANGELES,90011,Other,"basque, home cooking",Home kitchen serving Basque-inspired homemade cuisine in Los Angeles.,@nicolasaskitchen,,,high,34.024705881347,-118.261406570635,"620 E 23RD ST, LOS ANGELES, CA, 90011",
nikkimomo,NIKKIMOMO,4331 MOUNT VERNON DR,LOS ANGELES,90043,Other,home kitchen,Home kitchen food business operating in Los Angeles.,,https://nikkimomo.myshopify.com/,,medium,34.000880599544,-118.353442521911,"4331 W MOUNT VERNON DR, LOS ANGELES, CA, 90043",2026-08-04
no-brand,NO BRAND,260 AMETHYST CIR,GARDENA,90248,Japanese/Korean,"japanese, korean, gardena",Japanese or Korean home kitchen operating in Gardena.,,,,low,33.868928915975,-118.291149061931,"260 AMETHYST CIR, GARDENA, CA, 90248",
noodle-girl,NOODLE GIRL,1141 PINE ST 8,SOUTH PASADENA,91030,Vietnamese,"vietnamese, noodles, rice bowls",Vietnamese noodle and rice bowls with fresh healthy ingredients.,,,,low,34.103372220932,-118.156597740529,"1141 PINE ST, SOUTH PASADENA, CA, 91030",
not-yo-mama-s-tacos,NOT YO MAMA'S TACOS,27506 RUBY LN,CASTAIC,91384,Mexican,"mexican, tacos, catering",Fresh-made tacos and Mexican food with catering services.,,https://www.notyomamastacos.com,,high,34.49941282106,-118.61748780991,"27506 RUBY LN, CASTAIC, CA, 91384",
not-your-mom-s-pies,NOT YOUR MOM'S PIES,28603 HEATHER LN,CASTAIC,91384,Pizza/Italian,"italian, pies, homemade",Homemade authentic Italian pies and food.,,,,low,34.485461134629,-118.637095806042,"28603 HEATHER LN, CASTAIC, CA, 91384",
nourished-roots,NOURISHED ROOTS,1385 PARTRIDGE LN,GLENDORA,91740,Vegan/Vegetarian,"healthy, bowls, fresh",Healthy meal bowls made with fresh ingredients for every taste.,,,,low,34.125456778248,-117.839388080336,"1385 PARTRIDGE LN, GLENDORA, CA, 91740",
nourisoup,NOURISOUP,9861 E LEMON AVE,ARCADIA,91007,Beverage/Coffee/Tea,"soup, herbal, wellness",Herbal functional soups crafted for wellness in every jar.,@nourisoup,https://nourisoup.com/,,high,34.118289746904,-118.057368240875,"9861 E LEMON AVE, ARCADIA, CA, 91007",
ok-duck,OK DUCK,18709 FIELDBROOK ST,ROWLAND HEIGHTS,91748,Chinese,"chinese, duck, dim sum",Chinese restaurant featuring roast duck and dim sum.,,,,low,33.970145781302,-117.895036331511,"18709 FIELDBROOK ST, ROWLAND HEIGHTS, CA, 91748",
omar-s-tacos,OMAR'S TACOS,425 S 5TH AVE,LA PUENTE,91746,Mexican,"mexican, tacos, affordable",Affordable Mexican tacos and related dishes.,,https://omarstacos.com/,,medium,34.034938849182,-117.986599934335,"425 5TH AVE, LA PUENTE, CA, 91746",
onggi-jonggi,ONGGI JONGGI,4320 VIINTON AVE,CULVER CITY,90232,Bakery,"korean, cakes, custom",Korean-inspired custom cakes baked by a home baker mom.,,,,low,34.012839527235,-118.395155021461,"4320 VINTON AVE, CULVER CITY, CA, 90232",
otti-s,OTTI'S,464 WILLIAMS DR,LOS ANGELES,90048,Other,"homemade, food",Home kitchen food business in Los Angeles.,,,,low,,,,
our-lady-of-shallot,OUR LADY OF SHALLOT,820 COLORADO BLVD,LOS ANGELES,90041,Other,"homemade, food",Home kitchen food business in Los Angeles.,@ourladyofshallot,,,medium,34.140401728319,-118.183430023126,"820 COLORADO BLVD, LOS ANGELES, CA, 90041",
pacaeli-services,PACAELI SERVICES,1428 W 256TH ST,HARBOR CITY,90710,Catering/Events,"catering, delivery, food service",Food delivery and catering services in Harbor City.,,,,low,33.791418880435,-118.301630799411,"1428 W 256TH ST, HARBOR CITY, CA, 90710",
parker-house-delights,PARKER HOUSE DELIGHTS,3873 1/2 W 54TH ST,LOS ANGELES,90043,Bakery,"baked goods, homemade, delights",Homemade baked delights and house specialties.,@parkerhousedelights,,,high,33.993115451751,-118.341562364642,"3873 1/2 W 54TH ST, LOS ANGELES, CA, 90043",
pies-in-the-sky,PIES IN THE SKY,13618 EARLHAM DR,WHITTIER,90602,Pizza/Italian,"pizza, pies, homemade","Homemade dough pizzas topped with fresh, perfectly seasoned ingredients.",@piesintheskyy,,,high,33.976242844719,-118.030569465123,"13618 EARLHAM DR, WHITTIER, CA, 90602",
pili-pili-de-congo,PILI PILI DE CONGO,2131 LINDA FLORA DR,LOS ANGELES,90077,Other,"congolese, african, spicy",Congolese cuisine featuring pili-pili pepper dishes and African flavors.,@pilipilidecongo,https://pilipilidecongo.com/,,high,34.113224464768,-118.464701365514,"2131 LINDA FLORA DR, LOS ANGELES, CA, 90077",
pinkelicious-by-chef-mylen,PINKELICIOUS BY CHEF MYLEN,4317 W WOODLAND AVE,BURBANK,91505,Catering/Events,"catering, filipino, events",Catering service by Chef Mylene creating food magic for special events.,@pinkeliciouscatering,,,high,34.157483409904,-118.349482823282,"4317 WOODLAND AVE, BURBANK, CA, 91505",
pop-jerk,POP JERK,4125 W 59TH ST,LOS ANGELES,90043,Caribbean,"caribbean, jerk, jamaican",Caribbean-style jerk food pop-up in Los Angeles.,,,,low,33.987163954412,-118.346676937098,"4125 W 59TH ST, LOS ANGELES, CA, 90043",
qudsia-s,QUDSIA'S,3736 JASMINE AVE UNIT 218,LOS ANGELES,90034,Indian/South Asian,"south asian, homemade, halal",South Asian homemade food inspired by traditional recipes.,,,,low,34.023107196507,-118.402877871274,"3736 JASMINE AVE, LOS ANGELES, CA, 90034",
rafnroll,RAFNROLL,530 W STOCKER ST UNIT 103,GLENDALE,91202,Other,"food, homemade",Home kitchen food business in Glendale.,@rafnroll.la,,,high,34.163364135858,-118.266170711525,"530 W STOCKER ST, GLENDALE, CA, 91202",
railroad-restaurant,RAILROAD RESTAURANT,36202 116TH ST,LITTLEROCK,93542,Comfort Food/Soul Food,"comfort food, homestyle, restaurant",Homestyle comfort food restaurant in Littlerock.,,,,low,34.541217246258,-117.922766579847,"36202 116TH ST E, LITTLEROCK, CA, 93543",
raspados-estilo-tonala-ja,"RASPADOS ESTILO TONALA, JA",14449 PALMROSE ST,BALDWIN PARK,91706,Desserts/Sweets,"raspados, mexican ice, fruit",Traditional Mexican-style raspados and frozen fruit treats from Tonala.,,,,low,34.089215959418,-117.95907892007,"14449 PALMROSE ST, BALDWIN PARK, CA, 91706",
raspados-naturales,RASPADOS NATURALES,1519 S HUNTINGTON ST,POMONA,91766,Desserts/Sweets,"raspados, natural, fruit",Natural fruit raspados and refreshing frozen treats.,@raspados.naturales,,,high,34.043590939007,-117.760630102899,"1519 S HUNTINGTON ST, POMONA, CA, 91766",
red-dragon-lounge,RED DRAGON LOUNGE,6228 ORANGE ST 6,LOS ANGELES,90048,Other,"lounge, bar, drinks",Lounge-style food and drinks experience in Los Angeles.,@reddragonlounge,https://reddragonlounge.com,,high,34.064240764513,-118.363769337582,"6228 ORANGE ST, LOS ANGELES, CA, 90048",
red-eye-cafe,RED EYE CAFE,16559 RUSSELL ST,WHITTIER,90603,Breakfast/Brunch,"cafe, coffee, brunch","Cafe serving croissants, burritos, coffee, and brunch fare.",@redeye_cafe,,,high,33.944056436713,-117.977169127098,"16559 RUSSELL ST, WHITTIER, CA, 90603",
renaissance-south-la-inc,RENAISSANCE SOUTH LA INC,5632 WENLOCK ST,LOS ANGELES,90016,Other,"community, food, los angeles",Community-focused food business in South Los Angeles.,,,,low,34.019272570839,-118.367970749822,"5632 WENLOCK ST, LOS ANGELES, CA, 90016",
reni-coffee,RENI COFFEE,1532 253RD ST,HARBOR CITY,90710,Beverage/Coffee/Tea,"coffee, beverages",Coffee shop serving fresh brewed coffee and beverages.,,,,low,33.794688959814,-118.303239226426,"1532 W 253RD ST, HARBOR CITY, CA, 90710",
rolli-bakehouse,ROLLI BAKEHOUSE,1221 S 6TH AVE,ARCADIA,91006,Bakery,"bakery, rolls, baked goods",Home bakehouse offering freshly baked rolls and goods.,@rolli_bakehouse,https://www.rollibakehouse.com/,,high,34.126588436752,-118.01879687955,"1221 S 6TH AVE, ARCADIA, CA, 91006",
royal-home-deli,ROYAL HOME DELI,18941 1/2 LA GUARDIA ST,ROWLAND HEIGHTS,91748,Other,"deli, homemade, chinese",Home deli offering prepared foods in Rowland Heights.,,,,low,33.977306419602,-117.889532229855,"18941 1/2 LA GUARDIA ST, ROWLAND HEIGHTS, CA, 91748",
rubie,RUBIE,1831 FAIR PARK AVE,LOS ANGELES,90041,Other,"pop-up, food events, los angeles",Pop-up food business participating in LA food events.,@rubielosangeles,https://www.rubie-la.com,,high,34.134660535669,-118.207660288317,"1831 FAIR PARK AVE, LOS ANGELES, CA, 90041",
sabor-de-mi-tierra,SABOR DE MI TIERRA,13367 WINGO ST,ARLETA,91331,Latin American,"latin, homestyle, traditional",Traditional homestyle Latin American food with authentic flavors.,,,,low,34.24151973874,-118.424510654162,"13367 WINGO ST, ARLETA, CA, 91331",
sabor-mexico-homemade,SABOR MEXICO HOMEMADE,11811 PIONEER BLVD APT 19,NORWALK,90650,Mexican,"mexican, homemade, traditional",Homemade Mexican food with fresh tortillas and traditional dishes.,,,,low,33.924247954563,-118.081928899602,"11811 PIONEER BLVD, NORWALK, CA, 90650",
sabor-peruano,SABOR PERUANO,15433 SATICOY ST,VAN NUYS,91406,Latin American,"peruvian, latin, gourmet","Peruvian cuisine with gourmet appetizers, mains, and desserts.",@saborperuano.la,,,high,34.208503435389,-118.469277916907,"15433 SATICOY ST, VAN NUYS, CA, 91406",
sahani-delight-kitchen,SAHANI DELIGHT KITCHEN,3512 KNOLL CREST AVE,LOS ANGELES,90043,Other,"kenyan, grilled meats, stews","Kenyan comfort food featuring savory stews, grilled meats, and classic Kenyan sides.",@sahanidelightkitchen,https://sahanidelightkitchen.com/,,high,33.999097798143,-118.333565048169,"3512 KNOLL CREST AVE, LOS ANGELES, CA, 90043",
savie-bake-shop,SAVIE BAKE SHOP,5053 CARTWRIGHT AVE,NORTH HOLLYWOOD,91601,Breakfast/Brunch,"breakfast burritos, bakery, mexican",Bake shop specializing in breakfast burritos with chorizo or sausage.,@saviebakeshop,,,high,34.162762865265,-118.363780382114,"5053 CARTWRIGHT AVE, NORTH HOLLYWOOD, CA, 91601",
serve-coffee-pastries,SERVE COFFEE + PASTRIES,4820 W AVE L14,LANCASTER,93536,Beverage/Coffee/Tea,"coffee, pastries, cafe",Coffee shop and pastry spot serving beverages and baked goods.,,,,low,34.647563702923,-118.215599623566,"4820 W AVE L14, LANCASTER, CA, 93536",
seven-plates-la,SEVEN PLATES LA,5200 WILSHIRE BLVD UNIT 585,LOS ANGELES,90036,Other,"multi-course, plated, fine dining",Plated multi-course meals with diverse culinary influences in Los Angeles.,@sevenplatesla,,,high,34.06212459034,-118.342928816549,"5200 WILSHIRE BLVD, LOS ANGELES, CA, 90036",
simply-tastefull,SIMPLY TASTEFULL,308 S ALMANSOR ST A,ALHAMBRA,91801,Other,"homestyle, comfort food",Homestyle tasty meals prepared from a home kitchen in Alhambra.,,,,low,34.094968029826,-118.11884138652,"308 S ALMANSOR ST, ALHAMBRA, CA, 91801",
smiling-islander,SMILING ISLANDER,2832 MANSFIELD DR,BURBANK,91504,Other,"sri lankan, kottu, street food",Sri Lankan street food specializing in authentic wok-fried kottu with live cooking.,,https://smilingislander.com/,,medium,34.207280984572,-118.327742900325,"2832 MANSFIELD DR, BURBANK, CA, 91504",
smoke-city-bbq-la,SMOKE CITY BBQ LA,1902 W 37TH PL,LOS ANGELES,90018,BBQ,"bbq, smoked meats, barbecue",Los Angeles BBQ serving smoked and barbecued meats.,,,,low,34.020234855806,-118.313958020167,"1902 W 37TH PL, LOS ANGELES, CA, 90018",
smoke-mo-s-la,SMOKE MO'S LA,13609 BURBANK AVE # 6,VAN NUYS,91401,BBQ,"bbq, smoked, mediterranean",Smoked BBQ with Mediterranean-influenced dishes in Van Nuys.,,,,low,34.172179437072,-118.429338745063,"13609 BURBANK BLVD, VAN NUYS, CA, 91401",
smoked-out-sliders,SMOKED OUT SLIDERS,5439 S VICTORIA AVE,LOS ANGELES,90043,Sandwiches/Burgers,"sliders, smoked, burgers",Smoked sliders and small burger offerings in Los Angeles.,@smoked_out_sliders,,,high,33.992782844989,-118.332252385024,"5439 S VICTORIA AVE, LOS ANGELES, CA, 90043",
socal-pie-co,SOCAL PIE CO,11108 CRESTBROOK ST,NORWALK,90650,Pizza/Italian,"pizza, wings, pies",Pizza and buffalo wings with various sauce options in Norwalk.,@socal_pie_co,,,high,33.904091187964,-118.097290605596,"11108 CRESTBROOK ST, NORWALK, CA, 90650",
song-s-studio,SONG'S STUDIO,3345 E GREEN ST,PASADENA,91107,Other,"homestyle, pasadena",Home kitchen business based in Pasadena offering prepared meals.,,,,low,34.145276669124,-118.082441045016,"3345 E GREEN ST, PASADENA, CA, 91107",
soul-spice,SOUL & SPICE,9118 LA ALBA DR,WHITTIER,90603,Comfort Food/Soul Food,"soul food, southern, comfort",Family-owned soul food kitchen serving Southern comfort dishes in Whittier.,,https://www.soulandspice.org/,,medium,33.953982218102,-117.991763260773,"9118 LA ALBA DR, WHITTIER, CA, 90603",
squat-fox-meal,SQUAT FOX MEAL,63 W BIRCHCROFT ST,ARCADIA,91007,Other,"meal prep, homestyle",Prepared home meals offered from an Arcadia-based kitchen.,@squatfoxmeal,https://www.squatfoxmeal.com/,,high,34.113001594456,-118.032855828299,"63 W BIRCHCROFT ST, ARCADIA, CA, 91007",
ssal,SSAL&,6644 LOCKLENNA LN,RANCHO PALOS VERDES,90275,Japanese/Korean,"korean, noodles, soup",Korean cuisine featuring hot spicy ramen soups and noodle dishes.,,,,low,33.765684377808,-118.393766055617,"6644 LOCKLENNA LN, RANCHO PALOS VERDES, CA, 90275",
sumth-n-delicious,SUMTH' N DELICIOUS,1545 WINDSOR PL,PALMDALE,93551,Caribbean,"belizean, jamaican, caribbean",Belizean and Jamaican Caribbean cuisine served in Palmdale.,,,,low,34.601296663997,-118.157942239426,"1545 WINDSOR PL, PALMDALE, CA, 93551",
sup,SUP,918 S OXFORD AVE PH 44,LOS ANGELES,90006,Japanese/Korean,"korean, chicken, sandwiches",Korean fusion chicken and sandwiches in Los Angeles.,,,,low,34.054175886915,-118.307356289613,"918 S OXFORD AVE, LOS ANGELES, CA, 90006",
sweet-sticky-thangs,SWEET STICKY THANGS,3837 SUTRO AVE,LOS ANGELES,90008,Desserts/Sweets,"sweets, sticky, desserts",Homemade sweet and sticky dessert treats in Los Angeles.,@sweet_sticky_thangs,https://www.sweetstickythangs.com,,high,34.016893318848,-118.323304427574,"3837 SUTRO AVE, LOS ANGELES, CA, 90008",
taco-legendz,TACO LEGENDZ,11443 HORTON AVE,DOWNEY,90241,Mexican,"tacos, mexican",Mexican taco spot serving classic tacos in Downey.,@tacolegendz_,https://tacolegendz.square.site,,high,33.944135812894,-118.146262781126,"11443 HORTON AVE, DOWNEY, CA, 90241",
tacos-el-arbitro,TACOS EL ARBITRO,10252 STANWIN AVE,ARLETA,91331,Mexican,"tacos, quesadillas, burritos","Mexican street food offering quesatacos, fish and chips, burritos, and quesadillas.",,https://tacoselarbitroca.com/,,medium,34.256691913911,-118.442365684615,"10252 STANWIN AVE, ARLETA, CA, 91331",
tacos-el-chino,TACOS EL CHINO,4654 W AVE L,LANCASTER,93536,Mexican,"tacos, tijuana-style, mexican","Tijuana-style tacos, burritos, mulitas, and quesadillas in Lancaster.",,,,low,34.660188779933,-118.213470402587,"4654 W AVE L, LANCASTER, CA, 93536",
tacos-el-pariente-de-maza,TACOS EL PARIENTE DE MAZA,14420 S ATLANTIC AVE APT A,COMPTON,90221,Mexican,"tacos, mazatlan, sinaloa",Mazatlán Sinaloa-style tacos served in Compton.,@tacos_el_pariente_de_maza,,,high,33.902411224973,-118.193730139691,"14420 S ATLANTIC AVE, COMPTON, CA, 90221",
tao-s-kitchen,TAO'S KITCHEN,3121 ISABEL AVE,ROSEMEAD,91770,Vietnamese,"vietnamese, pho, comfort food",Vietnamese comfort food kitchen known for quality pho in Rosemead.,,,,low,34.065162655198,-118.10241447343,"3121 ISABEL AVE, ROSEMEAD, CA, 91770",
taurouxs-smash-burgers,TAUROUXS SMASH BURGERS,10034 BALMORAL ST,WHITTIER,90601,Sandwiches/Burgers,"smash burgers, grass-fed, burgers",Smash burgers made with grass-fed beef on toasted potato buns.,@taurouxsmashburgers,,,high,34.009180431758,-118.061634779652,"10034 BALMORAL ST, WHITTIER, CA, 90601",
tequetable,TEQUETABLE,12534 W FIELDING CIR UNIT 2,LOS ANGELES,90094,Latin American,"venezuelan, brazilian, south american",South American flavors from Venezuela and Brazil in Playa Vista.,@tequetable,,,high,33.978491597936,-118.411930359568,"12534 FIELDING CIR, LOS ANGELES, CA, 90094",
terra-table,TERRA TABLE,1907 MAGINN DR,GLENDALE,91202,Mediterranean/Middle Eastern,"persian, kebab, mediterranean",Fresh Mediterranean and Persian dishes including koobideh in Glendale.,,,,low,34.175456058845,-118.260045934331,"1907 MAGINN DR, GLENDALE, CA, 91202",
thai-rama-kitchen,THAI RAMA KITCHEN,736 W DRYDEN ST,GLENDALE,91202,Other,"thai, asian",Thai cuisine prepared from a home kitchen in Glendale.,,,,low,34.160980490552,-118.271456457227,"736 W DRYDEN ST, GLENDALE, CA, 91202",2026-08-04
the-apron-guild,THE APRON GUILD,4024 SUNSWEPT DR,STUDIO CITY,91604,Catering/Events,"organic, gourmet, catering",Gourmet home kitchen offering curated culinary creations in Studio City.,,,,low,34.142946524442,-118.408919071346,"4024 SUNSWEPT DR, STUDIO CITY, CA, 91604",
the-best-kosher-burger,THE BEST KOSHER BURGER,1686 S RIMPAU BLVD,LOS ANGELES,90019,Sandwiches/Burgers,"kosher, burgers, smash burger",Kosher smash burgers with specialty sauces in Los Angeles.,,,,low,34.044452419668,-118.341236558876,"1686 S RIMPAU BLVD, LOS ANGELES, CA, 90019",
the-ernest-elixirs-corpora,THE ERNEST ELIXIRS CORPORA,3820 ALOHA ST,LOS ANGELES,90027,Beverage/Coffee/Tea,"elixirs, beverages, drinks",Craft elixir and beverage company based in Los Angeles.,,,,low,34.106608076417,-118.275659583666,"3820 ALOHA ST, LOS ANGELES, CA, 90027",
the-hearty-home-company,THE HEARTY HOME COMPANY,7829 MELBA AVE,WEST HILLS,91304,Comfort Food/Soul Food,"homestyle, comfort food, hearty",Hearty homestyle comfort meals from a West Hills home kitchen.,,,,low,34.212932132561,-118.634704519446,"7829 MELBA AVE, WEST HILLS, CA, 91304",
the-herbitage-table,THE HERBITAGE TABLE,933 HILGARD AVE UNIT 4,LOS ANGELES,90024,Vegan/Vegetarian,"farm-to-table, seasonal, sustainable","Hyper-seasonal, locally sourced dishes with a focus on sustainability and fresh ingredients.",@herbitagetable,,,high,34.063243090214,-118.441408372116,"933 HILGARD AVE, LOS ANGELES, CA, 90024",
the-kebab-mob,THE KEBAB MOB,3510 SANDSTONE CT,PALMDALE,93551,Mediterranean/Middle Eastern,"kebab, mediterranean, grilled meats","Grilled kebabs with chicken, beef, pork belly, salmon, hummus, rice, and salads.",,https://thekebabmob.com/,,high,34.601357497673,-118.192051113559,"3510 SANDSTONE CT, PALMDALE, CA, 93551",
the-mini-bites-company,THE MINI BITES COMPANY,2415 HARWOOD ST,LOS ANGELES,90031,Catering/Events,"mini bites, appetizers, catering",Small bite-sized foods likely for events and catering occasions.,,,,low,34.09021159218,-118.231630578819,"2415 HARWOOD ST, LOS ANGELES, CA, 90031",
the-ocean-s-table,THE OCEAN'S TABLE,501 E ESPLANADE,REDONDO BEACH,90277,Seafood,"seafood, coastal, homestyle",Home kitchen offering seafood-focused dishes in Redondo Beach.,,,,low,33.835495190613,-118.389146520631,"501 ESPLANADE, REDONDO BEACH, CA, 90277",
the-pastry-song,THE PASTRY SONG,1435 EAGLE PARK RD 165,HACIENDA HEIGHTS,91745,Bakery,"pastry, baked goods, desserts",Home bakery specializing in pastries and baked treats.,,,,low,33.997324976345,-117.939483953649,"1435 EAGLE PARK RD, HACIENDA HEIGHTS, CA, 91745",
the-patio,THE PATIO,1235 E 141 ST,COMPTON,90222,Comfort Food/Soul Food,"homestyle, comfort food, grill",Home kitchen in Compton offering comfort food and patio-style dining.,,,,low,33.904514009692,-118.253022211456,"1235 E 141ST ST, COMPTON, CA, 90222",
the-smokey-sermon,THE SMOKEY SERMON,8240 HILLROSE ST,SUNLAND,91040,BBQ,"bbq, smoked meats, barbecue",Smoked and barbecued meats crafted with a signature smokey style.,@smokeysermon,,,high,34.263281732899,-118.312310955192,"8240 HILLROSE ST, SUNLAND, CA, 91040",
the-sweet-mexicraft,THE SWEET MEXICRAFT,6156 EASTON ST,LOS ANGELES,90022,Mexican,"mexican, sweets, craft",Mexican-inspired sweet treats and artisan confections.,,,,low,34.01352755827,-118.139372274114,"6156 E EASTON ST, LOS ANGELES, CA, 90022",
the-tamale-shoppe,THE TAMALE SHOPPE,6311 N FIGUEROA ST,LOS ANGELES,90042,Mexican,"tamales, mexican, homemade",Handmade tamales daily using a family recipe since 1975.,@thetamaleshoppe,https://www.thetamaleshoppe.com/,,high,34.115763319164,-118.184172652965,"6311 N FIGUEROA ST, LOS ANGELES, CA, 90042",
three-monsters-kitchen,THREE MONSTERS KITCHEN &,1447 W 228TH ST APT. 108,TORRANCE,90501,Comfort Food/Soul Food,"comfort food, homestyle, american",Home kitchen in Torrance serving comfort dishes with a casually classy vibe.,,,,low,33.819068709847,-118.302503205234,"1447 W 228TH ST, TORRANCE, CA, 90501",
ting-s-kitchen,TING'S KITCHEN,1260 BARFORD AVE,HACIENDA HEIGHTS,91745,Chinese,"chinese, homestyle, home kitchen",Home kitchen in Hacienda Heights serving homestyle Chinese dishes.,@tingskitchen_,,,medium,34.005422663582,-117.954469813295,"1260 BARFORD AVE, HACIENDA HEIGHTS, CA, 91745",
tl-tiny-treats,TL TINY TREATS,11716 LANSDALE ST,EL MONTE,91732,Desserts/Sweets,"treats, sweets, mini desserts",Small-batch tiny treats and sweet confections from El Monte.,,,,low,34.067285714393,-118.022934111743,"11716 LANSDALE AVE, EL MONTE, CA, 91732",
toasted-sugar-bakery,TOASTED SUGAR BAKERY,15000 HALLDALE AVE 109,GARDENA,90247,Bakery,"bakery, toasted, pastries",Home bakery in Gardena specializing in baked goods and sugar treats.,,https://www.toastedsugarbakery.com/,,medium,33.895452610175,-118.302508609899,"15000 HALLDALE AVE, GARDENA, CA, 90247",
true-form,TRUE FORM,1247 N SYCAMORE AVE APT 1,LOS ANGELES,90038,Vegan/Vegetarian,"healthy, plant-based, fresh",Health-conscious meals made with fresh ingredients and mindful nutrition.,,,,low,34.09339782002,-118.342876581702,"1247 N SYCAMORE AVE, LOS ANGELES, CA, 90038",
u-s-xiafei-tiandi-education,U.S. XIAFEI TIANDI EDUCATION,1 951 OLYMPUS AVE,HACIENDA HEIGHTS,91745,Chinese,"chinese, education, cooking",Chinese home kitchen and culinary education business in Hacienda Heights.,,,,low,34.011795838403,-117.96058763132,"951 S OLYMPUS AVE, HACIENDA HEIGHTS, CA, 91745",
uyghur-home-kitchen,UYGHUR HOME KITCHEN,17350 HUMPHREY'S PKWY # 11,2SANTA CLARITA,91387,Other,"uyghur, central asian, halal",Uyghur home kitchen serving Central Asian cuisine in Santa Clarita.,,,,low,,,,
vegan-got-soul,VEGAN GOT SOUL!,6400 GREEN VALLEY CIR 318,CULVER CITY,90230,Vegan/Vegetarian,"vegan, soul food, plant-based",Vegan soul food restaurant offering plant-based comfort dishes in Culver City.,,https://sites.google.com/mail.csuchico.edu/vegangotsoul/home,,medium,33.980878065537,-118.385247085022,"6400 GREEN VALLEY CIR, CULVER CITY, CA, 90230",
veggie-y-que,VEGGIE Y QUE,5713 DANBY AVE,WHITTIER,90606,Vegan/Vegetarian,"vegan, mexican, plant-based",Vegetarian and vegan Mexican-inspired dishes served in Whittier.,,https://www.hotplate.com/veggieyque/323e5dcc-df5d-4881-8947-39c1238f9c4b,,medium,33.997471296445,-118.065326927731,"5713 DANBY AVE, WHITTIER, CA, 90606",
vendittis-pizza,VENDITTIS PIZZA,25225 KEATS LN,STEVENSON RANCH,91381,Pizza/Italian,"pizza, italian",Home kitchen serving pizza and Italian-style dishes in Stevenson Ranch.,,,,low,34.380146304675,-118.585113308905,"25225 KEATS LN, STEVENSON RANCH, CA, 91381",
vida-kitchen,VIDA KITCHEN,26247 MONTE VISTA AVE,LOMITA,90717,Latin American,"fusion, latin, cantina",Culinary fusion rooted in heritage with bold flavors and shared moments.,@vidakitchen,https://vida.kitchen/,,high,33.784485820729,-118.313729796645,"26247 MONTE VISTA AVE, LOMITA, CA, 90717",
village-gate,VILLAGE GATE,1510 1/2 W FLORENCE AVE,LOS ANGELES,90047,Other,"homestyle, home kitchen",Home kitchen business in Los Angeles with unspecified cuisine.,,,,low,33.974514860226,-118.30285967623,"1510 1/2 W FLORENCE AVE, LOS ANGELES, CA, 90047",
voodi-s-kitchen,VOODI'S KITCHEN,24515 EILAT ST,WOODLAND HILLS,91367,Comfort Food/Soul Food,"homestyle, comfort food",Home kitchen in Woodland Hills serving homestyle comfort dishes.,,,,low,34.177572616206,-118.658419410085,"24515 EILAT ST, WOODLAND HILLS, CA, 91367",
wait-wait-wait,WAIT WAIT WAIT,1856 CRAIGTON AVE,HACIENDA HEIGHTS,91745,Chinese,"chinese, asian, homestyle",Asian home kitchen in Hacienda Heights serving Chinese-style dishes.,,,,low,33.998072497673,-117.961865940626,"1856 CRAIGHTON AVE, HACIENDA HEIGHTS, CA, 91745",
watts,WATTS,Q16927 S GARDENA AVE,GARDENA,90247,Comfort Food/Soul Food,"comfort food, homestyle, american",Home kitchen in Gardena serving homestyle comfort food and coffee.,,,,low,,,,
wraps-to-gomeztrejo,WRAPS-TO-GOMEZTREJO,322 N IVY AVE,MONROVIA,91016,Sandwiches/Burgers,"wraps, to-go, homemade",First MEHKO in San Gabriel Valley specializing in wraps and to-go meals.,@wraps.to.gomeztrejo,https://sites.google.com/view/wraps-to-gomeztrejo/home,,high,34.157600501269,-117.998865079123,"322 N IVY AVE, MONROVIA, CA, 91016",
wurst-barbeque,WURST BARBEQUE,4639 MARWOOD DR,LOS ANGELES,90065,BBQ,"bbq, sausage, grilled",Barbecue home kitchen specializing in wurst-style grilled sausages and meats.,@wurstbarbeque,,,medium,34.13058103692,-118.224430879529,"4639 MARWOOD DR, LOS ANGELES, CA, 90065",
yana-s-ladas,YANA'S LADAS,8622 BEACH ST,LOS ANGELES,90002,Latin American,"empanadas, latin, homemade",Home kitchen serving ladas and Latin American-inspired dishes in Los Angeles.,,,,low,33.959748905482,-118.24187885986,"8622 BEACH ST, LOS ANGELES, CA, 90002",
yang-s-family-kitchen,YANG'S FAMILY KITCHEN,24 SAN RAPHAEL PL,POMONA,91766,Chinese,"chinese, homestyle, family",Family-run home kitchen in Pomona serving homestyle Chinese food.,,,,low,34.037894484304,-117.787897819084,"24 SAN RAPHAEL PL, POMONA, CA, 91766",
yu-s-kitchen,YU'S KITCHEN,1506 PALM AVE UNIT D,SAN GABRIEL,91776,Chinese,"chinese, homestyle",Home kitchen in San Gabriel serving homestyle Chinese cuisine.,,,,low,34.081550289357,-118.097351657218,"1506 PALM AVE, SAN GABRIEL, CA, 91776",
yue-yummy-kitchen,YUE YUMMY KITCHEN,1621 E ALASKA ST,WEST COVINA,91791,Chinese,"asian, chinese, soup",Asian home kitchen offering variety of dishes from soup broths to stir-fry.,,,,low,34.059004420156,-117.911370442465,"1621 E ALASKA ST, WEST COVINA, CA, 91791",
